[
{
  "model": "admin.logentry",
  "pk": 56,
  "fields": {
    "action_time": "2026-06-21T17:10:53.580Z",
    "user": 28,
    "content_type": 6,
    "object_id": "28",
    "object_repr": "Shazzad",
    "action_flag": 2,
    "change_message": "[{\"changed\": {\"fields\": [\"First name\", \"Last name\", \"Role\", \"Is verified\"]}}]"
  }
},
{
  "model": "sessions.session",
  "pk": "1rlh19j8z875oiczf26n0rrsd7z9ylio",
  "fields": {
    "session_data": ".eJxVjDsOwjAQBe_iGln-sDFLSc8ZrLW9iwPIkeKkQtwdIqWA9s3Me6lI61Lj2nmOY1FnZY_q8Dsmyg9uGyl3ardJ56kt85j0puiddn2dCj8vu_t3UKnXb41GUhFnAXIwIJ4ZBjRpODEF640wYcoSRMSi8wCBHBsMxTAm9JbU-wMZFjhz:1wTMDG:ycMmz4Vn-lH2ujz_eCZrGSvNROu3G2odWv0C_6MJMws",
    "expire_date": "2026-06-13T16:07:02.875Z"
  }
},
{
  "model": "sessions.session",
  "pk": "2w0ozjw8jc95e6mbwadoj4k5du8sl53m",
  "fields": {
    "session_data": ".eJxVjMsOwiAQRf-FtSEDlEdcuvcbCMMMUjWQlHZl_Hdt0oVu7znnvkRM21rjNniJM4mzUF6cfkdM-cFtJ3RP7dZl7m1dZpS7Ig865LUTPy-H-3dQ06jf2unJIxAZB6ygqKx9KGjZsMpkIRN5xuCKC4aNSqCcsR4QCfSUmLV4fwANxThL:1wSEQR:FIw4yMEhUD8trJw8Geydt-JFsWoooZjbhzNMejOPRTE",
    "expire_date": "2026-06-10T13:35:59.195Z"
  }
},
{
  "model": "sessions.session",
  "pk": "3cu23gl3c089v58h42s0uy8hfypaykfl",
  "fields": {
    "session_data": ".eJxVjEEOwiAQRe_C2hBoGWBcuvcMBGZAqoYmpV0Z765NutDtf-_9lwhxW2vYel7CxOIstDj9binSI7cd8D222yxpbusyJbkr8qBdXmfOz8vh_h3U2Ou3NuAcJtYlmuKZFJmBnDc2YwIemYpH1CMiZmXBE7BRyQ4KtIXMWJR4fwDkHzeW:1wPL6y:ReEjtANhRkXC8TvLY2anbw0FTg0Th6ndBuuXdLAD4gw",
    "expire_date": "2026-06-02T14:07:56.416Z"
  }
},
{
  "model": "sessions.session",
  "pk": "5g1p5unby6firnsuf54gicqyvhxpwh33",
  "fields": {
    "session_data": ".eJxVjDkOwjAUBe_iGlnYxs6Hkj5nsP4GDiBbylIh7k4ipYD2zcx7m4zLXPIy6ZgHMRfjwBx-R0J-at2IPLDem-VW53Eguyl2p5Ptm-jrurt_BwWnstaeAf3tfGKMkQL5BMk5ikJHkugYE1H0QtipBu1WrAm8MIdOASB48_kCIU04lQ:1wTHP2:Ex2sDQNbSLu8nwDrFd5W9NQLOsRWl9EDqrM2cjLpc3E",
    "expire_date": "2026-06-13T10:58:52.604Z"
  }
},
{
  "model": "sessions.session",
  "pk": "90cj2jw2rl6g22rn0ekmpda8o5pck16w",
  "fields": {
    "session_data": ".eJxVjMsOwiAQRf-FtSEDlEdcuvcbCMMMUjWQlHZl_Hdt0oVu7znnvkRM21rjNniJM4mzUF6cfkdM-cFtJ3RP7dZl7m1dZpS7Ig865LUTPy-H-3dQ06jf2unJIxAZB6ygqKx9KGjZsMpkIRN5xuCKC4aNSqCcsR4QCfSUmLV4fwANxThL:1wSdwn:yk_GVhlO2lx_71BHw_3vIcC5HJDPEDStAawXBo8oVl4",
    "expire_date": "2026-06-11T16:51:05.255Z"
  }
},
{
  "model": "sessions.session",
  "pk": "b4vls92bb37zxwd8qql38fobmfms170e",
  "fields": {
    "session_data": "e30:1wcnPM:4Di-0y-8c9epFSkisHh-jpVDMDxSfNX8io1Qk2IlhuA",
    "expire_date": "2026-07-09T16:58:32.232Z"
  }
},
{
  "model": "sessions.session",
  "pk": "bkirg9hn1afzsztqr60p3uqpfan7zski",
  "fields": {
    "session_data": ".eJxVjEEOwiAQRe_C2hBoGWBcuvcMBGZAqoYmpV0Z765NutDtf-_9lwhxW2vYel7CxOIstDj9binSI7cd8D222yxpbusyJbkr8qBdXmfOz8vh_h3U2Ou3NuAcJtYlmuKZFJmBnDc2YwIemYpH1CMiZmXBE7BRyQ4KtIXMWJR4fwDkHzeW:1wSoyk:zwOUA3OS-mxS7pzpQtzSF_RzAsmzwTFMIymP7fjkIqk",
    "expire_date": "2026-06-12T04:37:50.161Z"
  }
},
{
  "model": "sessions.session",
  "pk": "e24uvhdug9w8wk2i3iixix0n6cc1e9by",
  "fields": {
    "session_data": "e30:1wbdym:Gpe4Y5Qko8uHigw8Wz80fKw9vmp0g22lwD7nL5F99Gc",
    "expire_date": "2026-07-06T12:42:20.589Z"
  }
},
{
  "model": "sessions.session",
  "pk": "eoxq0hhx2jpjjsp7ynt94yh4ei6bgkei",
  "fields": {
    "session_data": ".eJxVjMEOwiAQBf-FsyFQWAoevfcbCCyLVA0kpT0Z_9026UGvb2bem_mwrcVvnRY_J3Zl0rHL7xgDPqkeJD1CvTeOra7LHPmh8JN2PrVEr9vp_h2U0Mte6ywUKshWGWGjskg5jQIIhyQkBOtQkZVGYFJSg8tiZ9KCHgBGQyDZ5wv63Tcb:1wTHMy:Z3Z5osHH8kOWakNKmYb6ed1g_rUPQlbUUGt3WjXc4GU",
    "expire_date": "2026-06-13T10:56:44.052Z"
  }
},
{
  "model": "sessions.session",
  "pk": "mf29o4p2fa93phe4r5audnsjnypfe0q7",
  "fields": {
    "session_data": ".eJxVjMsOwiAQRf-FtSEDlEdcuvcbCMMMUjWQlHZl_Hdt0oVu7znnvkRM21rjNniJM4mzUF6cfkdM-cFtJ3RP7dZl7m1dZpS7Ig865LUTPy-H-3dQ06jf2unJIxAZB6ygqKx9KGjZsMpkIRN5xuCKC4aNSqCcsR4QCfSUmLV4fwANxThL:1wSAYY:ThlCwQmvmytVSUWnKnmtTXCkUkLfAzGgea6zqh9tRGY",
    "expire_date": "2026-06-10T09:28:06.330Z"
  }
},
{
  "model": "sessions.session",
  "pk": "mxmyv276tru9j88e45kb9zn5ol3ir29l",
  "fields": {
    "session_data": ".eJxVjDsOwjAQBe_iGln-sDFLSc8ZrLW9iwPIkeKkQtwdIqWA9s3Me6lI61Lj2nmOY1FnZY_q8Dsmyg9uGyl3ardJ56kt85j0puiddn2dCj8vu_t3UKnXb41GUhFnAXIwIJ4ZBjRpODEF640wYcoSRMSi8wCBHBsMxTAm9JbU-wMZFjhz:1wSzQX:DQwVJPUwjm5MVEoOtz8SOLN44US-St-vaLotmesisJQ",
    "expire_date": "2026-06-12T15:47:13.395Z"
  }
},
{
  "model": "sessions.session",
  "pk": "ok69tjk0l8heh079qadxxxcoujrns8lt",
  "fields": {
    "session_data": ".eJxVjMsOwiAQRf-FtSEDlEdcuvcbCMMMUjWQlHZl_Hdt0oVu7znnvkRM21rjNniJM4mzUF6cfkdM-cFtJ3RP7dZl7m1dZpS7Ig865LUTPy-H-3dQ06jf2unJIxAZB6ygqKx9KGjZsMpkIRN5xuCKC4aNSqCcsR4QCfSUmLV4fwANxThL:1wVWUa:UAzwvYLjttw9gLK_FAJW5_kMoyhgu4XpjG7n3BQMDg0",
    "expire_date": "2026-06-19T15:29:52.114Z"
  }
},
{
  "model": "sessions.session",
  "pk": "p29x58s6yrg1qlkxtpsw7ca6slzpsszq",
  "fields": {
    "session_data": ".eJxVjDsOwjAQBe_iGln-sDFLSc8ZrLW9iwPIkeKkQtwdIqWA9s3Me6lI61Lj2nmOY1FnZY_q8Dsmyg9uGyl3ardJ56kt85j0puiddn2dCj8vu_t3UKnXb41GUhFnAXIwIJ4ZBjRpODEF640wYcoSRMSi8wCBHBsMxTAm9JbU-wMZFjhz:1wX16o:1qO6EWkJD57DuSftTX5JHkCjeZ1NJ1IvRh4R0uBJ-LM",
    "expire_date": "2026-06-23T18:23:30.440Z"
  }
},
{
  "model": "sessions.session",
  "pk": "q9hbsxoindkk3fdom6twwdd0ol2tb1oy",
  "fields": {
    "session_data": ".eJxVjDsOwjAQBe_iGln-sDFLSc8ZrLW9iwPIkeKkQtwdIqWA9s3Me6lI61Lj2nmOY1FnZY_q8Dsmyg9uGyl3ardJ56kt85j0puiddn2dCj8vu_t3UKnXb41GUhFnAXIwIJ4ZBjRpODEF640wYcoSRMSi8wCBHBsMxTAm9JbU-wMZFjhz:1wRw4m:WuN4uquRVLGHW1hY1px1I8bESVErU2EsxHHnZMb7xeU",
    "expire_date": "2026-06-09T18:00:24.589Z"
  }
},
{
  "model": "sessions.session",
  "pk": "t357wxvaji0n3fuem275o8ctrshungm6",
  "fields": {
    "session_data": ".eJxVjEsOgkAQBe8yazPpNDA0Lt17BtLTH0ENJAysjHdXEha6fVX1XqHnbR36rdjSjxrOASmcfsfM8rBpJ3rn6TZHmad1GXPclXjQEq-z2vNyuH8HA5fhW7ctuWmtAJU1QAoIKOxGDYlqlaR2B6QaUtZELlk7TGzOyp2jYHh_AB5OOSs:1wbLgQ:ZvZIHLe4bzt1pwFqM76yNJQnOMMhwMJ316JkW9Lh-0o",
    "expire_date": "2026-07-05T17:10:10.387Z"
  }
},
{
  "model": "sessions.session",
  "pk": "v3p21ooemmmrbfiuwtx0131zom0iwprr",
  "fields": {
    "session_data": ".eJxVjMsOwiAQRf-FtSEDlEdcuvcbCMMMUjWQlHZl_Hdt0oVu7znnvkRM21rjNniJM4mzUF6cfkdM-cFtJ3RP7dZl7m1dZpS7Ig865LUTPy-H-3dQ06jf2unJIxAZB6ygqKx9KGjZsMpkIRN5xuCKC4aNSqCcsR4QCfSUmLV4fwANxThL:1wS65C:FiWIE7vP7xsPWKdQ9M5mLirzZAP25vGnnUW_Du7LlIc",
    "expire_date": "2026-06-10T04:41:30.778Z"
  }
},
{
  "model": "sessions.session",
  "pk": "wzplmjti0lvaoj56z1uxu103pks33l06",
  "fields": {
    "session_data": ".eJxVjMsOwiAQRf-FtSEDlEdcuvcbCMMMUjWQlHZl_Hdt0oVu7znnvkRM21rjNniJM4mzUF6cfkdM-cFtJ3RP7dZl7m1dZpS7Ig865LUTPy-H-3dQ06jf2unJIxAZB6ygqKx9KGjZsMpkIRN5xuCKC4aNSqCcsR4QCfSUmLV4fwANxThL:1wXLx9:O1vSXTdaK_1Y2FZnkeCUKgsDDYUCeHx0jrntzoYNciU",
    "expire_date": "2026-06-24T16:38:55.749Z"
  }
},
{
  "model": "sessions.session",
  "pk": "xr6niekdoqkccedbknw91axgx4ffmkkc",
  "fields": {
    "session_data": ".eJxVjMsOwiAQRf-FtSEDlEdcuvcbCMMMUjWQlHZl_Hdt0oVu7znnvkRM21rjNniJM4mzUF6cfkdM-cFtJ3RP7dZl7m1dZpS7Ig865LUTPy-H-3dQ06jf2unJIxAZB6ygqKx9KGjZsMpkIRN5xuCKC4aNSqCcsR4QCfSUmLV4fwANxThL:1wSnPX:cHU4E4BFD0QN85u0S5E2rBH781mgHdfrV3MDJNvzgZU",
    "expire_date": "2026-06-12T02:57:23.251Z"
  }
},
{
  "model": "accounts.user",
  "pk": 3,
  "fields": {
    "password": "pbkdf2_sha256$1000000$fa3OxSWb4saeiCMsstLflg$Tg4a608p3933Ek9fgKJLdkzRxQ2xj4v5lihkoQjqhCw=",
    "last_login": null,
    "is_superuser": false,
    "username": "Nadia@00",
    "first_name": "Nadia",
    "last_name": "islam",
    "email": "sazzadchowdhury87@gmail.com",
    "is_staff": false,
    "is_active": false,
    "date_joined": "2026-05-12T18:03:53Z",
    "role": "client",
    "is_verified": true,
    "groups": [],
    "user_permissions": []
  }
},
{
  "model": "accounts.user",
  "pk": 11,
  "fields": {
    "password": "pbkdf2_sha256$1000000$x9u8nQy6kALYbe3lbXzHD3$tqUImKIRaepQX9aOuttcTXmbbANUqsYyzu4MciUbNrU=",
    "last_login": "2026-05-15T17:21:54.389Z",
    "is_superuser": false,
    "username": "Hasib@33",
    "first_name": "Hasibur",
    "last_name": "Imam",
    "email": "sazzadchowdhury87@gmail.com",
    "is_staff": false,
    "is_active": true,
    "date_joined": "2026-05-15T17:15:42.414Z",
    "role": "client",
    "is_verified": true,
    "groups": [],
    "user_permissions": []
  }
},
{
  "model": "accounts.user",
  "pk": 12,
  "fields": {
    "password": "pbkdf2_sha256$1000000$S8FCNJxto3YGoNpKbw7ywE$8dgSi9F63w3N0C6N3Tud0iAnzPJmwGGGBS4PW7rHh0w=",
    "last_login": null,
    "is_superuser": false,
    "username": "Turag@05",
    "first_name": "Rabiul",
    "last_name": "Turag",
    "email": "sazzadchowdhury87@gmail.com",
    "is_staff": false,
    "is_active": false,
    "date_joined": "2026-05-15T18:17:30Z",
    "role": "client",
    "is_verified": false,
    "groups": [],
    "user_permissions": []
  }
},
{
  "model": "accounts.user",
  "pk": 14,
  "fields": {
    "password": "pbkdf2_sha256$1000000$fYkF71KuKaIMV2ZC2L1T8X$lnscJxZrpfHfgY0LILcgfFxvWCYZBW7osXSmFuWPBOI=",
    "last_login": "2026-06-25T15:39:32.673Z",
    "is_superuser": false,
    "username": "tahi@08",
    "first_name": "tahiya",
    "last_name": "Rahman",
    "email": "sazzadchowdhury87@gmail.com",
    "is_staff": false,
    "is_active": true,
    "date_joined": "2026-05-19T06:33:50.082Z",
    "role": "freelancer",
    "is_verified": true,
    "groups": [],
    "user_permissions": []
  }
},
{
  "model": "accounts.user",
  "pk": 15,
  "fields": {
    "password": "pbkdf2_sha256$1000000$OJjQtUD2qt9TGT2u4tO0wK$XD0gk8ibS/Ksb1SL2BdWz/E1uNuFZwZ0M08wsTPGkAM=",
    "last_login": null,
    "is_superuser": false,
    "username": "shazzad@08",
    "first_name": "shazzad",
    "last_name": "chowdhury",
    "email": "sazzadchowdhury87@gmail.com",
    "is_staff": false,
    "is_active": true,
    "date_joined": "2026-05-19T06:37:05.973Z",
    "role": "client",
    "is_verified": true,
    "groups": [],
    "user_permissions": []
  }
},
{
  "model": "accounts.user",
  "pk": 16,
  "fields": {
    "password": "pbkdf2_sha256$1000000$w09Hds9HvoCpKfwH4e82J5$hIgwxCC1LeR97tKOxJSyMV0gk3WZC//MgfpvbpqAbac=",
    "last_login": null,
    "is_superuser": false,
    "username": "hello@08",
    "first_name": "Shazzadul Islam",
    "last_name": "chowdhury",
    "email": "sazzadchowdhury87@gmail.com",
    "is_staff": false,
    "is_active": false,
    "date_joined": "2026-05-19T06:39:05.749Z",
    "role": "client",
    "is_verified": false,
    "groups": [],
    "user_permissions": []
  }
},
{
  "model": "accounts.user",
  "pk": 17,
  "fields": {
    "password": "pbkdf2_sha256$1000000$5AjgFbYiIydmnnK9yDdtm3$Qw+Ab7op0KAnv0WxYkF9VKhoW4OB8sEzSfjYseP7MVI=",
    "last_login": "2026-06-21T14:44:58.730Z",
    "is_superuser": false,
    "username": "abir@99",
    "first_name": "abir",
    "last_name": "islam",
    "email": "sazzadchowdhury87@gmail.com",
    "is_staff": false,
    "is_active": true,
    "date_joined": "2026-05-19T07:12:51.373Z",
    "role": "client",
    "is_verified": true,
    "groups": [],
    "user_permissions": []
  }
},
{
  "model": "accounts.user",
  "pk": 18,
  "fields": {
    "password": "pbkdf2_sha256$1000000$qAJRbiAKtKJw043RlScvz3$a1xyjaTxLpdeJl1bz5ug2igtpBpIXe3J46NlEhWp3nY=",
    "last_login": "2026-05-30T15:09:20.869Z",
    "is_superuser": false,
    "username": "samrat@123",
    "first_name": "Samrat",
    "last_name": "Das",
    "email": "sazzadchowdhury87@gmail.com",
    "is_staff": false,
    "is_active": true,
    "date_joined": "2026-05-27T03:25:03.384Z",
    "role": "freelancer",
    "is_verified": true,
    "groups": [],
    "user_permissions": []
  }
},
{
  "model": "accounts.user",
  "pk": 19,
  "fields": {
    "password": "pbkdf2_sha256$1000000$PiXobk0oCQHdluKQXLUL1A$dahjsVwjZtlRt8zfNb2LnJVQteLIa9wlxnZ3iRUUhPY=",
    "last_login": "2026-05-30T10:56:44.624Z",
    "is_superuser": false,
    "username": "sagor08",
    "first_name": "Sagor",
    "last_name": "Das",
    "email": "sazzadchowdhury87@gmail.com",
    "is_staff": false,
    "is_active": true,
    "date_joined": "2026-05-29T14:27:34Z",
    "role": "client",
    "is_verified": true,
    "groups": [],
    "user_permissions": []
  }
},
{
  "model": "accounts.user",
  "pk": 21,
  "fields": {
    "password": "pbkdf2_sha256$1000000$wA3FCxmCiJ0jUXIOYhUzqu$oVB6lh+Sqv4ohrN+XbDX89wuvfc6bNzuFZMbpc1fu3Q=",
    "last_login": "2026-05-30T15:06:23.388Z",
    "is_superuser": false,
    "username": "sojib@123",
    "first_name": "Sojib",
    "last_name": "Bhuiya",
    "email": "sazzadchowdhury87@gmail.com",
    "is_staff": false,
    "is_active": true,
    "date_joined": "2026-05-30T15:05:36.730Z",
    "role": "client",
    "is_verified": true,
    "groups": [],
    "user_permissions": []
  }
},
{
  "model": "accounts.user",
  "pk": 22,
  "fields": {
    "password": "pbkdf2_sha256$1000000$zcE5yfPANtpDNhPYPGoDpx$IMKxWnWDxb+v2sf74yId3w4Qh8HMgJdFdbvsfSqG9T4=",
    "last_login": "2026-05-30T15:55:35.408Z",
    "is_superuser": false,
    "username": "santo@123",
    "first_name": "Santo",
    "last_name": "islam",
    "email": "sazzadchowdhury87@gmail.com",
    "is_staff": false,
    "is_active": true,
    "date_joined": "2026-05-30T15:54:34.473Z",
    "role": "freelancer",
    "is_verified": true,
    "groups": [],
    "user_permissions": []
  }
},
{
  "model": "accounts.user",
  "pk": 23,
  "fields": {
    "password": "pbkdf2_sha256$1000000$GXu1FJ8jXh3GRCLPM6XiEI$EjbvZLsyMpF52pVUQ2fAYS4pT9AUhq3p3i1bp3vPpv8=",
    "last_login": "2026-06-02T03:29:10.632Z",
    "is_superuser": false,
    "username": "mr@123",
    "first_name": "Mr Beans",
    "last_name": "Das",
    "email": "sazzadchowdhury87@gmail.com",
    "is_staff": false,
    "is_active": true,
    "date_joined": "2026-06-02T03:27:50.809Z",
    "role": "freelancer",
    "is_verified": true,
    "groups": [],
    "user_permissions": []
  }
},
{
  "model": "accounts.user",
  "pk": 26,
  "fields": {
    "password": "pbkdf2_sha256$1000000$HVz1XqNP23yLCPGMaCSDM0$48a1PM+ZZUWiriT2SulJ7n2KUAnAby9sSRP3N2MW0L4=",
    "last_login": "2026-06-09T17:47:44.465Z",
    "is_superuser": false,
    "username": "tarek@00",
    "first_name": "Tarek",
    "last_name": "Rahman",
    "email": "sazzadchowdhury87@gmail.com",
    "is_staff": false,
    "is_active": true,
    "date_joined": "2026-06-09T17:46:58.587Z",
    "role": "freelancer",
    "is_verified": true,
    "groups": [],
    "user_permissions": []
  }
},
{
  "model": "accounts.user",
  "pk": 27,
  "fields": {
    "password": "pbkdf2_sha256$1000000$y3n5yZC6sWpy9wJweTlYjS$v+6pmCTPGa7O/qoewNXhAltKpPj2U89y9XZniWlfYI8=",
    "last_login": "2026-06-09T18:21:30.510Z",
    "is_superuser": false,
    "username": "shuvo_dev",
    "first_name": "Shuvo",
    "last_name": "chowdhury",
    "email": "sazzadchowdhury87@gmail.com",
    "is_staff": false,
    "is_active": true,
    "date_joined": "2026-06-09T18:17:36.362Z",
    "role": "client",
    "is_verified": true,
    "groups": [],
    "user_permissions": []
  }
},
{
  "model": "accounts.user",
  "pk": 28,
  "fields": {
    "password": "pbkdf2_sha256$1000000$u499509WYipzPujoSoFlqa$10juMq6g1DZ2VCky+tpqjAEVYEGNcanZHxmByuBFzwM=",
    "last_login": "2026-06-21T17:10:10Z",
    "is_superuser": true,
    "username": "shazzad",
    "first_name": "Shazzad",
    "last_name": "chowdhury",
    "email": "sazzadchowdhury87@gmail.com",
    "is_staff": true,
    "is_active": true,
    "date_joined": "2026-06-21T17:10:00Z",
    "role": "client",
    "is_verified": true,
    "groups": [],
    "user_permissions": []
  }
},
{
  "model": "accounts.user",
  "pk": 29,
  "fields": {
    "password": "pbkdf2_sha256$1000000$etRSY2NZcCdZHqgAC2jNyE$ExVHE1SOuPypwrL2VHu4szm79OLrwZ72QwL2UDyicCc=",
    "last_login": "2026-06-22T06:44:23.820Z",
    "is_superuser": false,
    "username": "nirmol@10",
    "first_name": "Nirmol",
    "last_name": "Dada",
    "email": "shazzadchowdhury130@gmail.com",
    "is_staff": false,
    "is_active": true,
    "date_joined": "2026-06-22T06:39:43.986Z",
    "role": "client",
    "is_verified": true,
    "groups": [],
    "user_permissions": []
  }
},
{
  "model": "profiles.freelanceprofile",
  "pk": 2,
  "fields": {
    "user": 14,
    "profile_image": "freelancers/download_1.jpg",
    "bio": "Brave never remembers what you do in a Private Window. Sites you visit won't show up in your history. Cookies, form data, and site data vanish once you close all open private windows. Note that your activity could still be visible to your internet service provider, passive network observers, or your employer (if you're using a work machine or network). For more privacy, open a private window with Tor.",
    "skills": "Django DRF React VueJs",
    "category": 3,
    "github": "http://www.github.com",
    "linkedin": "http://www.github.com",
    "portfolio": "http://www.github.com",
    "hourly_rate": "4500.00"
  }
},
{
  "model": "profiles.freelanceprofile",
  "pk": 3,
  "fields": {
    "user": 18,
    "profile_image": "freelancers/images.webp",
    "bio": "One morning, when Gregor Samsa woke from troubled dreams, he found himself transformed in his bed into a horrible vermin.\r\n\r\nHe lay on his armour-like back, and if he lifted his head a little he could see his brown belly, slightly domed and divided by arches into stiff sections. The bedding was hardly able to cover it and seemed ready to slide off any moment.\r\n\r\nHis many legs, pitifully thin compared with the size of the rest of him, waved about helplessly as he looked. \"What's happened to me? \" he thought. It wasn't a dream. His room, a proper human room although a little too small, lay peacefully between its four familiar walls.\r\n\r\nA collection of textile samples lay spread out on the table - Samsa was a travelling salesman - and above it there hung a picture that he had recently cut out of an illustrated magazine and housed in a nice, gilded frame. It showed a lady fitted out with a fur hat and fur boa who sat upright, raising a heavy fur muff that covered the whole of her lower arm towards the viewer. Gregor then turned to look out the window at the dull weather. Drops",
    "skills": "django,php,git,github",
    "category": 2,
    "github": "http://www.github.com",
    "linkedin": "http://www.linkedin.com",
    "portfolio": "http://www.ffwvvvev.com",
    "hourly_rate": "3400.00"
  }
},
{
  "model": "profiles.freelanceprofile",
  "pk": 4,
  "fields": {
    "user": 19,
    "profile_image": "freelancers/IMG_20180616_175252.jpg",
    "bio": "Lorem ipsum dolor sit amet, consectetuer adipiscing elit. Aenean commodo ligula eget dolor. Aenean massa. Cum sociis natoque penatibus et magnis dis parturient montes, nascetur ridiculus mus. Donec quam felis, ultricies nec, pellentesque eu, pretium quis, sem. Nulla consequat massa quis enim. Donec pede justo, fringilla vel, aliquet nec, vulputate eget, arcu. In enim justo, rhoncus ut, imperdiet a, venenatis vitae, justo. Nullam dictum felis eu pede mollis pretium. Integer tincidunt. Cras dapibus. Vivamus elementum semper nisi. Aenean vulputate eleifend tellus. Aenean leo ligula, porttitor eu, consequat vitae, eleifend ac, enim. Aliquam lorem ante, dapibus in, viverra quis, feugiat a, tellus. Phasellus viverra nulla ut metus varius laoreet. Quisque rutrum. Aenean imperdiet. Etiam ultricies nisi vel augue. Curabitur ullamcorper ultricies nisi. Nam eget dui. Etiam rhoncus. Maecenas tempus, tellus eget condimentum rhoncus, sem quam semper libero, sit amet adipiscing sem neque sed ipsum. Nam quam nunc, blandit vel, luctus pulvinar, hendrerit id, lorem. Maecenas nec odio et ante tincidunt tempus. Donec vitae sapien ut libero venenatis faucibus. Nullam quis ante. Etiam sit amet orci eget eros faucibus tincidunt. Duis leo. Sed fringilla mauris sit amet nibh. Donec sodales sagittis magna. Sed consequat, leo eget bibendum sodales, augue velit cursus nunc",
    "skills": "Node Js,Php,React",
    "category": 13,
    "github": "http://www.github.com",
    "linkedin": "http://www.linkedin.com",
    "portfolio": "http://www.ffwvvvev.com",
    "hourly_rate": "1000.00"
  }
},
{
  "model": "profiles.freelanceprofile",
  "pk": 6,
  "fields": {
    "user": 16,
    "profile_image": "freelancers/WIN_20260127_21_10_19_Pro_D7qlIk8.jpg",
    "bio": "",
    "skills": "django,php,git,github",
    "category": 12,
    "github": "http://www.github.com",
    "linkedin": "http://www.linkedin.com",
    "portfolio": "http://www.ffwvvvev.com",
    "hourly_rate": "5000.00"
  }
},
{
  "model": "profiles.freelanceprofile",
  "pk": 7,
  "fields": {
    "user": 22,
    "profile_image": "",
    "bio": "",
    "skills": "",
    "category": 12,
    "github": "",
    "linkedin": "",
    "portfolio": "",
    "hourly_rate": null
  }
},
{
  "model": "profiles.freelanceprofile",
  "pk": 8,
  "fields": {
    "user": 23,
    "profile_image": "freelancers/download0.jpg",
    "bio": "Brave never remembers what you do in a Private Window. Sites you visit won't show up in your history. Cookies, form data, and site data vanish once you close all open private windows. Note that your activity could still be visible to your internet service provider, passive network observers, or your employer (if you're using a work machine or network). For more privacy, open a private window with Tor.",
    "skills": "Graphics Design",
    "category": null,
    "github": "http://www.github.com",
    "linkedin": "http://www.linkedin.com",
    "portfolio": "http://www.ffwvvvev.com",
    "hourly_rate": "600.00"
  }
},
{
  "model": "profiles.freelanceprofile",
  "pk": 10,
  "fields": {
    "user": 26,
    "profile_image": "freelancers/WIN_20260127_21_10_19_Pro_CbR4e89.jpg",
    "bio": "",
    "skills": "",
    "category": null,
    "github": "http://www.github.com",
    "linkedin": "http://www.github.com",
    "portfolio": "http://www.github.com",
    "hourly_rate": "7800.00"
  }
},
{
  "model": "profiles.clientprofile",
  "pk": 1,
  "fields": {
    "user": 11,
    "company_name": "Enosis",
    "company_logo": "clients/Id_card_BAU.jpeg",
    "company_description": "testiong1232e",
    "company_website": "http://www.enosis.com"
  }
},
{
  "model": "profiles.clientprofile",
  "pk": 2,
  "fields": {
    "user": 15,
    "company_name": "",
    "company_logo": "",
    "company_description": "",
    "company_website": ""
  }
},
{
  "model": "profiles.clientprofile",
  "pk": 3,
  "fields": {
    "user": 16,
    "company_name": "",
    "company_logo": "",
    "company_description": "",
    "company_website": ""
  }
},
{
  "model": "profiles.clientprofile",
  "pk": 4,
  "fields": {
    "user": 17,
    "company_name": "Therap BD",
    "company_logo": "clients/download_2_BJACBuH.jpg",
    "company_description": "Lorem ipsum dolor sit amet, consectetuer adipiscing elit. Aenean commodo ligula eget dolor. Aenean massa. Cum sociis natoque penatibus et magnis dis parturient montes, nascetur ridiculus mus. Donec quam felis, ultricies nec, pellentesque eu, pretium quis, sem. Nulla consequat massa quis enim. Donec pede justo, fringilla vel, aliquet nec, vulputate eget, arcu. In enim justo, rhoncus ut, imperdiet a, venenatis vitae, justo. Nullam dictum felis eu pede mollis pretium. Integer tincidunt. Cras dapibus. Vivamus elementum semper nisi. Aenean vulputate eleifend tellus. Aenean leo ligula, porttitor eu, consequat vitae, eleifend ac, enim. Aliquam lorem ante, dapibus in, viverra quis, feugiat a, tellus. Phasellus viverra nulla ut metus varius laoreet. Quisque rutrum. Aenean imperdiet. Etiam ultricies nisi vel augue. Curabitur ullamcorper ultricies nisi. Nam eget dui. Etiam rhoncus. Maecenas tempus, tellus eget condimentum rhoncus, sem quam semper libero, sit amet adipiscing sem neque sed ipsum. Nam quam nunc, blandit vel, luctus pulvinar, hendrerit id, lorem. Maecenas nec odio et ante tincidunt tempus. Donec vitae sapien ut libero venenatis faucibus. Nullam quis ante. Etiam sit amet orci eget eros faucibus tincidunt. Duis leo. Sed fringilla mauris sit amet nibh. Donec sodales sagittis magna. Sed consequat, leo eget bibendum sodales, augue velit cursus nunc,",
    "company_website": "https://phitron.io/"
  }
},
{
  "model": "profiles.clientprofile",
  "pk": 6,
  "fields": {
    "user": 12,
    "company_name": "",
    "company_logo": "",
    "company_description": "",
    "company_website": ""
  }
},
{
  "model": "profiles.clientprofile",
  "pk": 7,
  "fields": {
    "user": 3,
    "company_name": "Amar School",
    "company_logo": "clients/healthy_img.webp",
    "company_description": "Brave never remembers what you do in a Private Window. Sites you visit won't show up in your history. Cookies, form data, and site data vanish once you close all open private windows. Note that your activity could still be visible to your internet service provider, passive network observers, or your employer (if you're using a work machine or network). For more privacy, open a private window with Tor.",
    "company_website": "http://www.amarschool.com"
  }
},
{
  "model": "profiles.clientprofile",
  "pk": 8,
  "fields": {
    "user": 19,
    "company_name": "Amar Company",
    "company_logo": "clients/Wallpaper_-_Samurai_Developer_Desktop.jfif",
    "company_description": "Lorem ipsum dolor sit amet, consectetuer adipiscing elit. Aenean commodo ligula eget dolor. Aenean massa. Cum sociis natoque penatibus et magnis dis parturient montes, nascetur ridiculus mus. Donec quam felis, ultricies nec, pellentesque eu, pretium quis, sem. Nulla consequat massa quis enim. Donec pede justo, fringilla vel, aliquet nec, vulputate eget, arcu. In enim justo, rhoncus ut, imperdiet a, venenatis vitae, justo. Nullam dictum felis eu pede mollis pretium. Integer tincidunt. Cras dapibus. Vivamus elementum semper nisi. Aenean vulputate eleifend tellus. Aenean leo ligula, porttitor eu, consequat vitae, eleifend ac, enim. Aliquam lorem ante, dapibus in, viverra quis, feugiat a, tellus. Phasellus viverra nulla ut metus varius laoreet. Quisque rutrum. Aenean imperdiet. Etiam ultricies nisi vel augue. Curabitur ullamcorper ultricies nisi. Nam eget dui. Etiam rhoncus. Maecenas tempus, tellus eget condimentum rhoncus, sem quam semper libero, sit amet adipiscing sem neque sed ipsum. Nam quam nunc, blandit vel, luctus pulvinar, hendrerit id, lorem. Maecenas nec odio et ante tincidunt tempus. Donec vitae sapien ut libero venenatis faucibus. Nullam quis ante. Etiam sit amet orci eget eros faucibus tincidunt. Duis leo. Sed fringilla mauris sit amet nibh. Donec sodales sagittis magna. Sed consequat, leo eget bibendum sodales, augue velit cursus nunc",
    "company_website": "https://phitron.io/"
  }
},
{
  "model": "profiles.clientprofile",
  "pk": 9,
  "fields": {
    "user": 21,
    "company_name": "Feni IT Solution",
    "company_logo": "clients/img.jpg",
    "company_description": "Brave never remembers what you do in a Private Window. Sites you visit won't show up in your history. Cookies, form data, and site data vanish once you close all open private windows. Note that your activity could still be visible to your internet service provider, passive network observers, or your employer (if you're using a work machine or network). For more privacy, open a private window with Tor.",
    "company_website": "https://phitron.io/"
  }
},
{
  "model": "profiles.clientprofile",
  "pk": 11,
  "fields": {
    "user": 27,
    "company_name": "BAU IT",
    "company_logo": "clients/accept_the_reality___typography___Kozhikode_beach.jfif",
    "company_description": "Brave never remembers what you do in a Private Window. Sites you visit won't show up in your history. Cookies, form data, and site data vanish once you close all open private windows. Note that your activity could still be visible to your internet service provider, passive network observers, or your employer (if you're using a work machine or network). For more privacy, open a private window with Tor.",
    "company_website": "https://phitron.io/"
  }
},
{
  "model": "profiles.clientprofile",
  "pk": 12,
  "fields": {
    "user": 29,
    "company_name": "Jobbar IT",
    "company_logo": "clients/hasina_img.webp",
    "company_description": "What is Lorem Ipsum?\r\nLorem Ipsum is simply dummy text of the printing and typesetting industry. Lorem Ipsum has been the industry's standard dummy text ever since 1966, when designers at Letraset and James Mosley, the librarian at St Bride Printing Library in London, took a 1914 Cicero translation and scrambled it to make dummy text for Letraset's Body Type sheets. It has survived not only many decades, but also the leap into electronic typesetting, remaining essentially unchanged. It was popularised thanks to these sheets and more recently with desktop publishing software including versions of Lorem Ipsum.\r\n\r\nWhy do we use it?\r\nIt is a long established fact that a reader will be distracted by the readable content of a page when looking at its layout. The point of using Lorem Ipsum is that it has a more-or-less normal distribution of letters, as opposed to using 'Content here, content here', making it look like readable English. Many desktop publishing packages and web page editors now use Lorem Ipsum as their default model text, and a search for 'lorem ipsum' will uncover many web sites still in their infancy. Various versions have evolved over the years, sometimes by accident, sometimes on purpose (injected humour and the like).",
    "company_website": "https://phitron.io/"
  }
},
{
  "model": "projects.project",
  "pk": 1,
  "fields": {
    "status": "open",
    "client": 12,
    "category": 5,
    "title": "need ui ux developer",
    "description": "Lorem ipsum dolor sit amet, consectetuer adipiscing elit. Aenean commodo ligula eget dolor. Aenean massa. Cum sociis natoque penatibus et magnis dis parturient montes, nascetur ridiculus mus. Donec quam felis, ultricies nec, pellentesque eu, pretium quis, sem. Nulla consequat massa quis enim. Donec pede justo, fringilla vel, aliquet nec, vulputate eget, arcu. In enim justo, rhoncus ut, imperdiet a, venenatis vitae, justo. Nullam dictum felis eu pede mollis pretium. Integer tincidunt. Cras dapibus. Vivamus elementum semper nisi. Aenean vulputate eleifend tellus. Aenean leo ligula, porttitor eu, consequat vitae, eleifend ac, enim. Aliquam lorem ante, dapibus in, viverra quis, feugiat a, tellus. Phasellus viverra nulla ut metus varius laoreet. Quisque rutrum. Aenean imperdiet. Etiam ultricies nisi vel augue. Curabitur ullamcorper ultricies nisi. Nam eget dui. Etiam rhoncus. Maecenas tempus, tellus eget condimentum rhoncus, sem quam semper libero, sit amet adipiscing sem neque sed ipsum. Nam quam nunc, blandit vel, luctus pulvinar, hendrerit id, lorem. Maecenas nec odio et ante tincidunt tempus. Donec vitae sapien ut libero venenatis faucibus. Nullam quis ante. Etiam sit amet orci eget eros faucibus tincidunt. Duis leo. Sed fringilla mauris sit amet nibh. Donec sodales sagittis magna.",
    "budget": "15000.00",
    "deadline": "2026-07-16",
    "created_at": "2026-05-25T15:31:00.187Z"
  }
},
{
  "model": "projects.project",
  "pk": 2,
  "fields": {
    "status": "open",
    "client": 3,
    "category": 7,
    "title": "Need content writter",
    "description": "Lorem ipsum dolor sit amet, consectetuer adipiscing elit. Aenean commodo ligula eget dolor. Aenean massa. Cum sociis natoque penatibus et magnis dis parturient montes, nascetur ridiculus mus. Donec quam felis, ultricies nec, pellentesque eu, pretium quis, sem. Nulla consequat massa quis enim. Donec pede justo, fringilla vel, aliquet nec, vulputate eget, arcu. In enim justo, rhoncus ut, imperdiet a, venenatis vitae, justo. Nullam dictum felis eu pede mollis pretium. Integer tincidunt. Cras dapibus. Vivamus elementum semper nisi. Aenean vulputate eleifend tellus. Aenean leo ligula, porttitor eu, consequat vitae, eleifend ac, enim. Aliquam lorem ante, dapibus in, viverra quis, feugiat a, tellus. Phasellus viverra nulla ut metus varius laoreet. Quisque rutrum. Aenean imperdiet. Etiam ultricies nisi vel augue. Curabitur ullamcorper ultricies nisi. Nam eget dui. Etiam rhoncus. Maecenas tempus, tellus eget condimentum rhoncus, sem quam semper libero, sit amet adipiscing sem neque sed ipsum. Nam quam nunc, blandit vel, luctus pulvinar, hendrerit id, lorem. Maecenas nec odio et ante tincidunt tempus. Donec vitae sapien ut libero venenatis faucibus. Nullam quis ante. Etiam sit amet orci eget eros faucibus tincidunt. Duis leo. Sed fringilla mauris sit amet nibh. Donec sodales sagittis magna.",
    "budget": "50000.00",
    "deadline": "2026-06-22",
    "created_at": "2026-05-25T15:31:32.924Z"
  }
},
{
  "model": "projects.project",
  "pk": 3,
  "fields": {
    "status": "open",
    "client": 11,
    "category": 2,
    "title": "Need ML enginer",
    "description": "Lorem ipsum dolor sit amet, consectetuer adipiscing elit. Aenean commodo ligula eget dolor. Aenean massa. Cum sociis natoque penatibus et magnis dis parturient montes, nascetur ridiculus mus. Donec quam felis, ultricies nec, pellentesque eu, pretium quis, sem. Nulla consequat massa quis enim. Donec pede justo, fringilla vel, aliquet nec, vulputate eget, arcu. In enim justo, rhoncus ut, imperdiet a, venenatis vitae, justo. Nullam dictum felis eu pede mollis pretium. Integer tincidunt. Cras dapibus. Vivamus elementum semper nisi. Aenean vulputate eleifend tellus. Aenean leo ligula, porttitor eu, consequat vitae, eleifend ac, enim. Aliquam lorem ante, dapibus in, viverra quis, feugiat a, tellus. Phasellus viverra nulla ut metus varius laoreet. Quisque rutrum. Aenean imperdiet. Etiam ultricies nisi vel augue. Curabitur ullamcorper ultricies nisi. Nam eget dui. Etiam rhoncus. Maecenas tempus, tellus eget condimentum rhoncus, sem quam semper libero, sit amet adipiscing sem neque sed ipsum. Nam quam nunc, blandit vel, luctus pulvinar, hendrerit id, lorem. Maecenas nec odio et ante tincidunt tempus. Donec vitae sapien ut libero venenatis faucibus. Nullam quis ante. Etiam sit amet orci eget eros faucibus tincidunt. Duis leo. Sed fringilla mauris sit amet nibh. Donec sodales sagittis magna.",
    "budget": "80000.00",
    "deadline": "2026-05-30",
    "created_at": "2026-05-25T15:31:58.555Z"
  }
},
{
  "model": "projects.project",
  "pk": 4,
  "fields": {
    "status": "open",
    "client": 16,
    "category": 9,
    "title": "Need SW engineer",
    "description": "Lorem ipsum dolor sit amet, consectetuer adipiscing elit. Aenean commodo ligula eget dolor. Aenean massa. Cum sociis natoque penatibus et magnis dis parturient montes, nascetur ridiculus mus. Donec quam felis, ultricies nec, pellentesque eu, pretium quis, sem. Nulla consequat massa quis enim. Donec pede justo, fringilla vel, aliquet nec, vulputate eget, arcu. In enim justo, rhoncus ut, imperdiet a, venenatis vitae, justo. Nullam dictum felis eu pede mollis pretium. Integer tincidunt. Cras dapibus. Vivamus elementum semper nisi. Aenean vulputate eleifend tellus. Aenean leo ligula, porttitor eu, consequat vitae, eleifend ac, enim. Aliquam lorem ante, dapibus in, viverra quis, feugiat a, tellus. Phasellus viverra nulla ut metus varius laoreet. Quisque rutrum. Aenean imperdiet. Etiam ultricies nisi vel augue. Curabitur ullamcorper ultricies nisi. Nam eget dui. Etiam rhoncus. Maecenas tempus, tellus eget condimentum rhoncus, sem quam semper libero, sit amet adipiscing sem neque sed ipsum. Nam quam nunc, blandit vel, luctus pulvinar, hendrerit id, lorem. Maecenas nec odio et ante tincidunt tempus. Donec vitae sapien ut libero venenatis faucibus. Nullam quis ante. Etiam sit amet orci eget eros faucibus tincidunt. Duis leo. Sed fringilla mauris sit amet nibh. Donec sodales sagittis magna.",
    "budget": "400.00",
    "deadline": "2026-09-09",
    "created_at": "2026-05-25T15:32:25.884Z"
  }
},
{
  "model": "projects.project",
  "pk": 7,
  "fields": {
    "status": "open",
    "client": 17,
    "category": 6,
    "title": "Need urgent DL Engineer",
    "description": "testing my engineer ..........................................",
    "budget": "5600.00",
    "deadline": "2026-05-28",
    "created_at": "2026-05-25T16:50:41.327Z"
  }
},
{
  "model": "projects.project",
  "pk": 8,
  "fields": {
    "status": "open",
    "client": 17,
    "category": 3,
    "title": "Need a School Management System software",
    "description": "Kudus, who ​has scored 13 times in 46 international appearances, suffered a quad injury in January and was expected to return in March. However, the 25-year-old forward suffered a setback in his recovery and has not played a game since Thomas Frank was coaching Tottenham",
    "budget": "10000.00",
    "deadline": "2027-03-25",
    "created_at": "2026-05-26T06:33:45.444Z"
  }
},
{
  "model": "projects.project",
  "pk": 12,
  "fields": {
    "status": "in_progress",
    "client": 17,
    "category": 11,
    "title": "Need  a  Bioinformatics Software Engineer",
    "description": "Lorem ipsum dolor sit amet, consectetuer adipiscing elit. Aenean commodo ligula eget dolor. Aenean massa. Cum sociis natoque penatibus et magnis dis parturient montes, nascetur ridiculus mus. Donec quam felis, ultricies nec, pellentesque eu, pretium quis, sem. Nulla consequat massa quis enim. Donec pede justo, fringilla vel, aliquet nec, vulputate eget, arcu. In enim justo, rhoncus ut, imperdiet a, venenatis vitae, justo. Nullam dictum felis eu pede mollis pretium. Integer tincidunt. Cras dapibus. Vivamus elementum semper nisi. Aenean vulputate eleifend tellus. Aenean leo ligula, porttitor eu, consequat vitae, eleifend ac, enim. Aliquam lorem ante, dapibus in, viverra quis, feugiat a, tellus. Phasellus viverra nulla ut metus varius laoreet. Quisque rutrum. Aenean imperdiet. Etiam ultricies nisi vel augue. Curabitur ullamcorper ultricies nisi. Nam eget dui. Etiam rhoncus. Maecenas tempus, tellus eget condimentum rhoncus, sem quam semper libero, sit amet adipiscing sem neque sed ipsum. Nam quam nunc, blandit vel, luctus pulvinar, hendrerit id, lorem. Maecenas nec odio et ante tincidunt tempus. Donec vitae sapien ut libero venenatis faucibus. Nullam quis ante. Etiam sit amet orci eget eros faucibus tincidunt. Duis leo. Sed fringilla mauris sit amet nibh. Donec sodales sagittis magna. Sed consequat, leo eget bibendum sodales, augue velit cursus nunc,",
    "budget": "800000.00",
    "deadline": "2026-06-06",
    "created_at": "2026-05-27T14:47:02.940Z"
  }
},
{
  "model": "projects.project",
  "pk": 13,
  "fields": {
    "status": "open",
    "client": 17,
    "category": 8,
    "title": "Hiring Voice Artist for Chota Bhem",
    "description": "deecdjjcnqfc dcvqfccrhvdf fvo rlfn b vb hg3rhqvngrojaenfnbgpbabgaeeeeeeeeeeee,zenhljkkkkkkkkkkkkkkkkkkkkkkkkkkkkkkkkkkkkk",
    "budget": "4500.00",
    "deadline": "2026-05-30",
    "created_at": "2026-05-28T17:03:42.905Z"
  }
},
{
  "model": "projects.project",
  "pk": 14,
  "fields": {
    "status": "completed",
    "client": 17,
    "category": 10,
    "title": "Need SD expert",
    "description": "Brave never remembers what you do in a Private Window. Sites you visit won't show up in your history. Cookies, form data, and site data vanish once you close all open private windows. Note that your activity could still be visible to your internet service provider, passive network observers, or your employer (if you're using a work machine or network). For more privacy, open a private window with Tor.",
    "budget": "90000.00",
    "deadline": "2029-10-23",
    "created_at": "2026-05-29T05:20:47.787Z"
  }
},
{
  "model": "projects.project",
  "pk": 15,
  "fields": {
    "status": "completed",
    "client": 17,
    "category": 6,
    "title": "Hiring DL researcher",
    "description": "Brave never remembers what you do in a Private Window. Sites you visit won't show up in your history. Cookies, form data, and site data vanish once you close all open private windows. Note that your activity could still be visible to your internet service provider, passive network observers, or your employer (if you're using a work machine or network). For more privacy, open a private window with Tor.",
    "budget": "500000.00",
    "deadline": "2026-06-04",
    "created_at": "2026-05-29T05:57:27.853Z"
  }
},
{
  "model": "projects.project",
  "pk": 17,
  "fields": {
    "status": "completed",
    "client": 17,
    "category": 4,
    "title": "Hire jr UI UX developer",
    "description": "ave never remembers what you do in a Private Window. Sites you visit won't show up in your history. Cookies, form data, and site data vanish once you close all open private windows. Note that your activity could still be visible to your internet service provider, passive network observers, or your employer (if you're using a work machine or network). For more privacy, o",
    "budget": "65400.00",
    "deadline": "2026-06-06",
    "created_at": "2026-05-29T06:35:11.838Z"
  }
},
{
  "model": "projects.project",
  "pk": 18,
  "fields": {
    "status": "in_progress",
    "client": 19,
    "category": 11,
    "title": "Hiring BiE researcher",
    "description": "Lorem ipsum dolor sit amet, consectetuer adipiscing elit. Aenean commodo ligula eget dolor. Aenean massa. Cum sociis natoque penatibus et magnis dis parturient montes, nascetur ridiculus mus. Donec quam felis, ultricies nec, pellentesque eu, pretium quis, sem. Nulla consequat massa quis enim. Donec pede justo, fringilla vel, aliquet nec, vulputate eget, arcu. In enim justo, rhoncus ut, imperdiet a, venenatis vitae, justo. Nullam dictum felis eu pede mollis pretium. Integer tincidunt. Cras dapibus. Vivamus elementum semper nisi. Aenean vulputate eleifend tellus. Aenean leo ligula, porttitor eu, consequat vitae, eleifend ac, enim. Aliquam lorem ante, dapibus in, viverra quis, feugiat a, tellus. Phasellus viverra nulla ut metus varius laoreet. Quisque rutrum. Aenean imperdiet. Etiam ultricies nisi vel augue. Curabitur ullamcorper ultricies nisi. Nam eget dui. Etiam rhoncus. Maecenas tempus, tellus eget condimentum rhoncus, sem quam semper libero, sit amet adipiscing sem neque sed ipsum. Nam quam nunc, blandit vel, luctus pulvinar, hendrerit id, lorem. Maecenas nec odio et ante tincidunt tempus. Donec vitae sapien ut libero venenatis faucibus. Nullam quis ante. Etiam sit amet orci eget eros faucibus tincidunt. Duis leo. Sed fringilla mauris sit amet nibh. Donec sodales sagittis magna. Sed consequat, leo eget bibendum sodales, augue velit cursus nunc",
    "budget": "98000.00",
    "deadline": "2026-06-06",
    "created_at": "2026-05-29T14:36:34.063Z"
  }
},
{
  "model": "projects.project",
  "pk": 19,
  "fields": {
    "status": "in_progress",
    "client": 19,
    "category": 5,
    "title": "Hiring GD",
    "description": "testing",
    "budget": "45000.00",
    "deadline": "2026-06-04",
    "created_at": "2026-05-30T10:57:48.892Z"
  }
},
{
  "model": "projects.project",
  "pk": 21,
  "fields": {
    "status": "completed",
    "client": 21,
    "category": 5,
    "title": "jr GD",
    "description": "when a freelancer applied a project it wont sent a notificatin to the client",
    "budget": "56400.00",
    "deadline": "2026-06-06",
    "created_at": "2026-05-30T15:15:39.606Z"
  }
},
{
  "model": "projects.project",
  "pk": 22,
  "fields": {
    "status": "open",
    "client": 21,
    "category": 12,
    "title": "Need Expert Business Analytics",
    "description": "lorem dcn nLDM,F,MDNAGFNNANVLWJH K  VN PEFMLD VJIRGFLDVNNLVJEFND lvanf'pgnvfsv6580065400",
    "budget": "36500.00",
    "deadline": "2026-06-03",
    "created_at": "2026-05-30T15:24:34.264Z"
  }
},
{
  "model": "projects.project",
  "pk": 23,
  "fields": {
    "status": "open",
    "client": 17,
    "category": 12,
    "title": "Need Accounts officer",
    "description": "Private Window\r\nSearch the  privately\r\n\r\nPrivate Window\r\n\r\nBrave never remembers what you do in a Private Window. Sites you visit won't show up in your history. Cookies, form data, and site data vanish once you close all open private windows. Note that your activity could still be visible to your internet service provider, passive network observers, or your employer (if you're using a work machine or network). For more privacy, open a private window with Tor.",
    "budget": "87000.00",
    "deadline": "2026-06-03",
    "created_at": "2026-05-30T15:58:54.378Z"
  }
},
{
  "model": "projects.project",
  "pk": 24,
  "fields": {
    "status": "completed",
    "client": 27,
    "category": 12,
    "title": "Need Social Media Marketer",
    "description": "Brave never remembers what you do in a Private Window. Sites you visit won't show up in your history. Cookies, form data, and site data vanish once you close all open private windows. Note that your activity could still be visible to your internet service provider, passive network observers, or your employer (if you're using a work machine or network). For more privacy, open a private window with Tor.",
    "budget": "780000.00",
    "deadline": "2026-07-10",
    "created_at": "2026-06-09T18:48:45.641Z"
  }
},
{
  "model": "projects.project",
  "pk": 25,
  "fields": {
    "status": "open",
    "client": 17,
    "category": 2,
    "title": "Need ML Engineer",
    "description": "Tasin need Ml Engineer",
    "budget": "10.00",
    "deadline": "2026-06-17",
    "created_at": "2026-06-16T05:24:44.573Z"
  }
},
{
  "model": "projects.project",
  "pk": 26,
  "fields": {
    "status": "open",
    "client": 17,
    "category": 5,
    "title": "Hiring Sr GD",
    "description": "8,256,523 views  Premiered Apr 10, 2025  #shibu #10e10 #freshmusic\r\nShibu - 10 E 10 (Official Visualizer)\r\nStream now: https://open.spotify.com/track/5T8WCQ...\r\n\r\nFollow Shibu:\r\nfacebook.com/musicbyshibu \r\ninstagram.com/shibuuu__  \r\ntiktok.com/shibuuu__  \r\n\r\nBeat Produced by Shibu\r\nWritten & Performed by Shibu\r\nMix/Mastered by Shibu\r\n\r\nOriginal Sample from U-n-I (Mere Dil Vich Hum Tum)\r\n   • Lyrical: U-n-I (Mere Dil Vich Hum Tum) Son...  \r\nMusic by Veronica Mehta & Juggy D.\r\n\r\nArtwork & Animation made by Shibu (@shibuuu__)\r\n\r\nAudio Distributed through Symphonic Distribution\r\n\r\n#shibu #10e10 #freshmusic\r\nAsk\r\nGet answers, explore topics, and more\r\n\r\nAsk questions\r\nShorts remixing this video\r\n772 Shorts\r\n\r\nধানমন্ডিতে একটি অবিশ্বাস্য \"ডেজার্ট রাজ্যে\"...#cake #shorts #reels #buffet #food #viral\r\n1M views\r\n\r\n\r\n🇦🇷 Argentina or Brazil..? 🇧🇷 #food #shorts #reels #buffet #viral #argentina\r\n229K views\r\n\r\n\r\nপুরাই ১০/১০...🐸✨#trending#aestheticstatus#blackpink#rose#beautiful#trendingbanglasong#tawba#10k#love\r\n320K views\r\n\r\n\r\nBashundhara Best Buffet..!  #food #shorts #viral #buffet #cake #resturent\r\n48K views\r\n\r\n\r\nFrr #blink #cover #anime #anime #bollywood #bollywood #astro #newsong #kawaiiMiRa\r\n62K views\r\n\r\nজামাইগোরে অনেক cute লাগতাছে 😫🤗💕#jungkook #jin #kimtaehyung #btsarmy #youtubeshorts\r\n47K views\r\n\r\n\r\nTranscript\r\nFollow along using the transcript.\r\n\r\n\r\nShow transcript\r\n\r\nShibu\r\n79.9K subscribers\r\nVideos\r\nAbout\r\n\r\nFacebook\r\n\r\nInstagram\r\n\r\nTiktok\r\nLive chat replay\r\nSee what others said about this video while it was live.\r\n\r\nOpen panel\r\n2,899 Comments\r\nsazzad chowdhury\r\nAdd a comment...\r\n\r\nPinned by @shibuuu\r\n@shibuuu\r\n1 year ago (edited)\r\nI love you guys, the support on this song has been insane! ❤❤\r\n\r\nunfortunately the song is not available on spotify anymore, YRF finally got to us 💔\r\n\r\n1.5K\r\n\r\n\r\nReply\r\n\r\n\r\n62 replies\r\n\r\n@mmuarij1392\r\n8 months ago\r\nHere after Hania Amir's post on Instagram. Nice composition and vocals. Love from Pakistan\r\n\r\n1.2K\r\n\r\n\r\n\r\nReply\r\n\r\n\r\n13 replies\r\n\r\n@AriyanChowdhury\r\n1 year ago\r\nShera !!! Love it shibu 🔥\r\n\r\n1.8K\r\n\r\n\r\n\r\nReply\r\n\r\nShibu\r\n·\r\n\r\n41 replies\r\n\r\n@akmhafizalasad3499\r\n8 months ago\r\nThe perfect date of this song is today ,I mean 10 October like     10/10❤\r\n\r\n1.1K\r\n\r\n\r\n\r\nReply\r\n\r\n\r\n14 replies\r\n\r\n@JustMeme-do9jj\r\n1 hour ago\r\n🤗🤭👩‍❤‍👨\r\n\r\n\r\n\r\nReply\r\n\r\n\r\n@SadikaSoha-n6u\r\n18 minutes ago\r\nOi ata English song popular er motu\r\n\r\n\r\n\r\nReply\r\n\r\n\r\n@shimulemon139\r\n6 months ago\r\nBangladeshi song day bay day 📈📈📈\r\n\r\n568\r\n\r\n\r\nReply\r\n\r\n\r\n18 replies\r\n\r\n@Onyx_ETS2\r\n5 months ago\r\nSong : 10 E 10\r\nVibes : 10 E 10 ❤‍🔥\r\n\r\n235\r\n\r\n\r\nReply\r\n\r\n\r\n3 replies\r\n\r\n@Dewan_Zubayer\r\n2 months ago\r\nBro caught on 4k 😂\r\n\r\n459\r\n\r\n\r\nReply\r\n\r\n\r\n22 replies\r\n\r\n@Tamzid2009\r\n8 hours ago\r\nস্মৃতি রেখে গেলাম,,,কেউ লাইক দিলে আবার এসে শুনবো।😓💔\r\n\r\n1\r\n\r\n\r\nReply\r\n\r\n\r\n@Alone-_-Walker69\r\n2 months ago\r\n10/10 robberyyyy\r\n\r\n219\r\n\r\n\r\nReply\r\n\r\n\r\n@FarhanSuzat\r\n8 months ago\r\nexam e jodi 10/10 paitam💔\r\n\r\n506\r\n\r\n\r\nReply\r\n\r\n\r\n15 replies\r\n\r\n@LegendaryCommentsbangla\r\n2 months ago\r\nCaught kheye purai 10/10 😆\r\n\r\n108\r\n\r\n\r\nReply\r\n\r\n\r\n@guywithlesshope356\r\n2 months ago\r\nShibu Chor Isn't fictional character anymore!😂😭\r\n\r\n101\r\n\r\n\r\nReply\r\n\r\n\r\n6 replies\r\n\r\n@MahirAhmod\r\n2 months ago\r\nwait kortasilam je kobe ei khet gaan ta officially caught khabe. Khaya gese🤣🤣\r\n\r\n95\r\n\r\n\r\nReply\r\n\r\n\r\n3 replies\r\n\r\n@MayeshaRahman-m3y\r\n8 months ago\r\nBro isn't pregnant but still delivered a banger😝\r\n\r\n218\r\n\r\n\r\n\r\nReply\r\n\r\n\r\n@ShitomAhmed\r\n1 year ago\r\nAll in for it 🔥\r\n\r\n458\r\n\r\n\r\n\r\nReply\r\n\r\nShibu\r\n·\r\n\r\n4 replies\r\n\r\n@MrUTing-dp2vy\r\n4 months ago\r\nLYRICS 🎵\r\n\r\nদেখো না আমাকে একবার\r\nতোমার প্রেমে ডুবে মরি\r\nসবই তো বুঝো তুমি\r\nকেন খেলো লুকোচুরি?\r\nমনে আমি ১ থেকে গুনি\r\n১০ এ গিয়ে চোখ দুটো খুলি\r\nখুলে আমি বুঝতে পারি\r\nYou're the ten I see\r\n\r\nজানো না তুমি ১০ এ ১০\r\nমা কসম তুমি ১০ এ ১০\r\nজানো না তুমি ১০ এ ১০\r\nতোমার এই রূপে scaleও বেঁহুশ\r\nজানো না তুমি ১০ এ ১০\r\nমা কসম তুমি ১০ এ ১০\r\nজানো না তুমি ১০ এ ১০\r\nতোমার এই রূপে scaleও বেঁহুশ\r\n\r\nআমাকে কেউ ধরো\r\nআসক্ত, আমি হয়ে গেছি\r\nদেহ তোমার অষ্টম আশ্চর্য যেন বালুঘড়ি\r\nRio de Janeiro, Taj Mahal\r\nচলো ঘুরে আসি\r\nAladdin এর চেরাগ পেলে\r\nতিন বারই তোমায় চাইতাম আমি\r\n\r\nজানো না তুমি ১০ এ ১০\r\nমা কসম তুমি ১০ এ ১০\r\nজানো না তুমি ১০ এ ১০\r\nতোমার এই রূপে scaleও বেঁহুশ\r\nজানো না তুমি ১০ এ ১০\r\nমা কসম তুমি ১০ এ ১০\r\nজানো না তুমি ১০ এ ১০\r\nতোমার এই রূপে scaleও বেঁহুশ\r\n\r\nWhat do we do without हम-तुम?\r\nWhat do we gonna do 'bout us\r\nWhat do we gonna do tonight\r\nThat's on us baby you're mine\r\nWhat do we do without हम-तुम?\r\nWhat do we gonna do 'bout us\r\nWhat do we gonna do tonight\r\nThat's on us baby you're mine\r\n\r\nজানো না তুমি ১০ এ ১০\r\nমা কসম তুমি ১০ এ ১০\r\nজানো না তুমি ১০ এ ১০\r\nতোমার এই রূপে scaleও বেঁহুশ\r\nজানো না তুমি ১০ এ ১০\r\nমা কসম তুমি ১০ এ ১০\r\nজানো না তুমি ১০ এ ১০\r\nতোমার এই রূপে scaleও বেঁহুশ\r\n\r\nদেখো না আমাকে একবার\r\nতোমার প্রেমে ডুবে মরি\r\nসবই তো বুঝো তুমি\r\nকেন খেলো লুকোচুরি?\r\nমনে আমি ১ থেকে গুনি\r\n১০ এ গিয়ে চোখ দুটো খুলি\r\nখুলে আমি বুঝতে পারি\r\nYou're the ten I see\r\n\r\nজানো না তুমি ১০ এ ১০\r\nমা কসম তুমি ১০ এ ১০\r\nজানো না তুমি ১০ এ ১০\r\nতোমার এই রূপে scaleও বেঁহুশ\r\nজানো না তুমি ১০ এ ১০\r\nমা কসম তুমি ১০ এ ১০\r\nজানো না তুমি ১০ এ ১০\r\nতোমার এই রূপে scaleও বেঁহুশ\r\n\r\n95\r\n\r\n\r\nReply\r\n\r\n\r\n4 replies\r\n\r\n@ourbelovedprison\r\n2 months ago\r\nChurite tumi 10/10\r\n\r\n174\r\n\r\n\r\nReply\r\n\r\n\r\n6 replies\r\n\r\n@EhadHasan99\r\n1 day ago\r\nThis song like. Girls The kid Lahore\r\n\r\n\r\n\r\nReply\r\n\r\n\r\n@nexurevizhos\r\n8 months ago",
    "budget": "4500.00",
    "deadline": "2026-07-11",
    "created_at": "2026-06-21T14:46:00.474Z"
  }
},
{
  "model": "proposals.proposal",
  "pk": 1,
  "fields": {
    "project": 7,
    "freelancer": 18,
    "cover_letter": "Lorem ipsum dolor sit amet, consectetuer adipiscing elit. Aenean commodo ligula eget dolor. Aenean massa. Cum sociis natoque penatibus et magnis dis parturient montes, nascetur ridiculus mus. Donec quam felis, ultricies nec, pellentesque eu, pretium quis, sem. Nulla consequat massa quis enim. Donec pede justo, fringilla vel, aliquet nec, vulputate eget, arcu. In enim justo, rhoncus ut, imperdiet a, venenatis vitae, justo. Nullam dictum felis eu pede mollis pretium. Integer tincidunt. Cras dapibus. Vivamus elementum semper nisi. Aenean vulputate eleifend tellus. Aenean leo ligula, porttitor eu, consequat vitae, eleifend ac, enim. Aliquam lorem ante, dapibus in, viverra quis, feugiat a, tellus. Phasellus viverra nulla ut metus varius laoreet. Quisque rutrum. Aenean imperdiet. Etiam ultricies nisi vel augue. Curabitur ullamcorper ultricies nisi. Nam eget dui. Etiam rhoncus. Maecenas tempus, tellus eget condimentum rhoncus, sem quam semper libero, sit amet adipiscing sem neque sed ipsum. Nam quam nunc",
    "bid_amount": "45000.00",
    "status": "rejected",
    "created_at": "2026-05-27T04:40:52.362Z"
  }
},
{
  "model": "proposals.proposal",
  "pk": 2,
  "fields": {
    "project": 8,
    "freelancer": 18,
    "cover_letter": "Lorem ipsum dolor sit amet, consectetuer adipiscing elit. Aenean commodo ligula eget dolor. Aenean massa. Cum sociis natoque penatibus et magnis dis parturient montes, nascetur ridiculus mus. Donec quam felis, ultricies nec, pellentesque eu, pretium quis, sem. Nulla consequat massa quis enim. Donec pede justo, fringilla vel, aliquet nec, vulputate eget, arcu. In enim justo, rhoncus ut, imperdiet a, venenatis vitae, justo. Nullam dictum felis eu pede mollis pretium. Integer tincidunt. Cras dapibus. Vivamus elementum semper nisi. Aenean vulputate eleifend tellus. Aenean leo ligula, porttitor eu, consequat vitae, eleifend ac, enim. Aliquam lorem ante, dapibus in, viverra quis, feugiat a, tellus. Phasellus viverra nulla ut metus varius laoreet. Quisque rutrum. Aenean imperdiet. Etiam ultricies nisi vel augue. Curabitur ullamcorper ultricies nisi. Nam eget dui. Etiam rhoncus. Maecenas tempus, tellus eget condimentum rhoncus, sem quam semper libero, sit amet adipiscing sem neque sed ipsum. Nam quam nunc",
    "bid_amount": "50000.00",
    "status": "rejected",
    "created_at": "2026-05-27T04:50:03.503Z"
  }
},
{
  "model": "proposals.proposal",
  "pk": 3,
  "fields": {
    "project": 8,
    "freelancer": 18,
    "cover_letter": "Lorem ipsum dolor sit amet, consectetuer adipiscing elit. Aenean commodo ligula eget dolor. Aenean massa. Cum sociis natoque penatibus et magnis dis parturient montes, nascetur ridiculus mus. Donec quam felis, ultricies nec, pellentesque eu, pretium quis, sem. Nulla consequat massa quis enim. Donec pede justo, fringilla vel, aliquet nec, vulputate eget, arcu. In enim justo, rhoncus ut, imperdiet a, venenatis vitae, justo. Nullam dictum felis eu pede mollis pretium. Integer tincidunt. Cras dapibus. Vivamus elementum semper nisi. Aenean vulputate eleifend tellus. Aenean leo ligula, porttitor eu, consequat vitae, eleifend ac, enim. Aliquam lorem ante, dapibus in, viverra quis, feugiat a, tellus. Phasellus viverra nulla ut metus varius laoreet. Quisque rutrum. Aenean imperdiet. Etiam ultricies nisi vel augue. Curabitur ullamcorper ultricies nisi. Nam eget dui. Etiam rhoncus. Maecenas tempus, tellus eget condimentum rhoncus, sem quam semper libero, sit amet adipiscing sem neque sed ipsum. Nam quam nunc",
    "bid_amount": "50000.00",
    "status": "rejected",
    "created_at": "2026-05-27T04:50:42.280Z"
  }
},
{
  "model": "proposals.proposal",
  "pk": 4,
  "fields": {
    "project": 8,
    "freelancer": 18,
    "cover_letter": "Lorem ipsum dolor sit amet, consectetuer adipiscing elit. Aenean commodo ligula eget dolor. Aenean massa. Cum sociis natoque penatibus et magnis dis parturient montes, nascetur ridiculus mus. Donec quam felis, ultricies nec, pellentesque eu, pretium quis, sem. Nulla consequat massa quis enim. Donec pede justo, fringilla vel, aliquet nec, vulputate eget, arcu. In enim justo, rhoncus ut, imperdiet a, venenatis vitae, justo. Nullam dictum felis eu pede mollis pretium. Integer tincidunt. Cras dapibus. Vivamus elementum semper nisi. Aenean vulputate eleifend tellus. Aenean leo ligula, porttitor eu, consequat vitae, eleifend ac, enim. Aliquam lorem ante, dapibus in, viverra quis, feugiat a, tellus. Phasellus viverra nulla ut metus varius laoreet. Quisque rutrum. Aenean imperdiet. Etiam ultricies nisi vel augue. Curabitur ullamcorper ultricies nisi. Nam eget dui. Etiam rhoncus. Maecenas tempus, tellus eget condimentum rhoncus, sem quam semper libero, sit amet adipiscing sem neque sed ipsum. Nam quam nunc",
    "bid_amount": "45000.00",
    "status": "rejected",
    "created_at": "2026-05-27T04:50:54.286Z"
  }
},
{
  "model": "proposals.proposal",
  "pk": 5,
  "fields": {
    "project": 12,
    "freelancer": 18,
    "cover_letter": "Lorem ipsum dolor sit amet, consectetuer adipiscing elit. Aenean commodo ligula eget dolor. Aenean massa. Cum sociis natoque penatibus et magnis dis parturient montes, nascetur ridiculus mus. Donec quam felis, ultricies nec, pellentesque eu, pretium quis, sem. Nulla consequat massa quis enim. Donec pede justo, fringilla vel, aliquet nec, vulputate eget, arcu. In enim justo, rhoncus ut, imperdiet a, venenatis vitae, justo. Nullam dictum felis eu pede mollis pretium. Integer tincidunt. Cras dapibus. Vivamus elementum semper nisi. Aenean vulputate eleifend tellus. Aenean leo ligula, porttitor eu, consequat vitae, eleifend ac, enim. Aliquam lorem ante, dapibus in, viverra quis, feugiat a, tellus. Phasellus viverra nulla ut metus varius laoreet. Quisque rutrum. Aenean imperdiet. Etiam ultricies nisi vel augue. Curabitur ullamcorper ultricies nisi. Nam eget dui. Etiam rhoncus. Maecenas tempus, tellus eget condimentum rhoncus, sem quam semper libero, sit amet adipiscing sem neque sed ipsum. Nam quam nunc, blandit vel, luctus pulvinar, hendrerit id, lorem. Maecenas nec odio et ante tincidunt tempus. Donec vitae sapien ut libero venenatis faucibus. Nullam quis ante. Etiam sit amet orci eget eros faucibus tincidunt. Duis leo. Sed fringilla mauris sit amet nibh. Donec sodales sagittis magna. Sed consequat, leo eget bibendum sodales, augue velit cursus nunc,",
    "bid_amount": "750000.00",
    "status": "rejected",
    "created_at": "2026-05-27T14:48:30.823Z"
  }
},
{
  "model": "proposals.proposal",
  "pk": 6,
  "fields": {
    "project": 12,
    "freelancer": 18,
    "cover_letter": "Lorem ipsum dolor sit amet, consectetuer adipiscing elit. Aenean commodo ligula eget dolor. Aenean massa. Cum sociis natoque penatibus et magnis dis parturient montes, nascetur ridiculus mus. Donec quam felis, ultricies nec, pellentesque eu, pretium quis, sem. Nulla consequat massa quis enim. Donec pede justo, fringilla vel, aliquet nec, vulputate eget, arcu. In enim justo, rhoncus ut, imperdiet a, venenatis vitae, justo. Nullam dictum felis eu pede mollis pretium. Integer tincidunt. Cras dapibus. Vivamus elementum semper nisi. Aenean vulputate eleifend tellus. Aenean leo ligula, porttitor eu, consequat vitae, eleifend ac, enim. Aliquam lorem ante, dapibus in, viverra quis, feugiat a, tellus. Phasellus viverra nulla ut metus varius laoreet. Quisque rutrum. Aenean imperdiet. Etiam ultricies nisi vel augue. Curabitur ullamcorper ultricies nisi. Nam eget dui. Etiam rhoncus. Maecenas tempus, tellus eget condimentum rhoncus, sem quam semper libero, sit amet adipiscing sem neque sed ipsum. Nam quam nunc, blandit vel, luctus pulvinar, hendrerit id, lorem. Maecenas nec odio et ante tincidunt tempus. Donec vitae sapien ut libero venenatis faucibus. Nullam quis ante. Etiam sit amet orci eget eros faucibus tincidunt. Duis leo. Sed fringilla mauris sit amet nibh. Donec sodales sagittis magna. Sed consequat, leo eget bibendum sodales, augue velit cursus nunc,",
    "bid_amount": "1000.00",
    "status": "accepted",
    "created_at": "2026-05-27T17:44:23.911Z"
  }
},
{
  "model": "proposals.proposal",
  "pk": 7,
  "fields": {
    "project": 13,
    "freelancer": 18,
    "cover_letter": "testing",
    "bid_amount": "50000.00",
    "status": "rejected",
    "created_at": "2026-05-28T17:04:32.769Z"
  }
},
{
  "model": "proposals.proposal",
  "pk": 8,
  "fields": {
    "project": 14,
    "freelancer": 18,
    "cover_letter": "Brave never remembers what you do in a Private Window. Sites you visit won't show up in your history. Cookies, form data, and site data vanish once you close all open private windows. Note that your activity could still be visible to your internet service provider, passive network observers, or your employer (if you're using a work machine or network). For more privacy, open a private window with Tor.",
    "bid_amount": "4500.00",
    "status": "accepted",
    "created_at": "2026-05-29T05:21:11.242Z"
  }
},
{
  "model": "proposals.proposal",
  "pk": 9,
  "fields": {
    "project": 15,
    "freelancer": 18,
    "cover_letter": "Brave never remembers what you do in a Private Window. Sites you visit won't show up in your history. Cookies, form data, and site data vanish once you close all open private windows. Note that your activity could still be visible to your internet service provider, passive network observers, or your employer (if you're using a work machine or network). For more privacy, open a private window with Tor.",
    "bid_amount": "45000.00",
    "status": "accepted",
    "created_at": "2026-05-29T05:57:48.906Z"
  }
},
{
  "model": "proposals.proposal",
  "pk": 11,
  "fields": {
    "project": 17,
    "freelancer": 18,
    "cover_letter": "ave never remembers what you do in a Private Window. Sites you visit won't show up in your history. Cookies, form data, and site data vanish once you close all open private windows. Note that your activity could still be visible to your internet service provider, passive network observers, or your employer (if you're using a work machine or network). For more privacy, o",
    "bid_amount": "79000.00",
    "status": "accepted",
    "created_at": "2026-05-29T06:35:48.279Z"
  }
},
{
  "model": "proposals.proposal",
  "pk": 12,
  "fields": {
    "project": 18,
    "freelancer": 14,
    "cover_letter": "Lorem ipsum dolor sit amet, consectetuer adipiscing elit. Aenean commodo ligula eget dolor. Aenean massa. Cum sociis natoque penatibus et magnis dis parturient montes, nascetur ridiculus mus. Donec quam felis, ultricies nec, pellentesque eu, pretium quis, sem. Nulla consequat massa quis enim. Donec pede justo, fringilla vel, aliquet nec, vulputate eget, arcu. In enim justo, rhoncus ut, imperdiet a, venenatis vitae, justo. Nullam dictum felis eu pede mollis pretium. Integer tincidunt. Cras dapibus. Vivamus elementum semper nisi. Aenean vulputate eleifend tellus. Aenean leo ligula, porttitor eu, consequat vitae, eleifend ac, enim. Aliquam lorem ante, dapibus in, viverra quis, feugiat a, tellus. Phasellus viverra nulla ut metus varius laoreet. Quisque rutrum. Aenean imperdiet. Etiam ultricies nisi vel augue. Curabitur ullamcorper ultricies nisi. Nam eget dui. Etiam rhoncus. Maecenas tempus, tellus eget condimentum rhoncus, sem quam semper libero, sit amet adipiscing sem neque sed ipsum. Nam quam nunc, blandit vel, luctus pulvinar, hendrerit id, lorem. Maecenas nec odio et ante tincidunt tempus. Donec vitae sapien ut libero venenatis faucibus. Nullam quis ante. Etiam sit amet orci eget eros faucibus tincidunt. Duis leo. Sed fringilla mauris sit amet nibh. Donec sodales sagittis magna. Sed consequat, leo eget bibendum sodales, augue velit cursus nunc",
    "bid_amount": "125000.00",
    "status": "accepted",
    "created_at": "2026-05-29T14:37:56.890Z"
  }
},
{
  "model": "proposals.proposal",
  "pk": 13,
  "fields": {
    "project": 19,
    "freelancer": 18,
    "cover_letter": "hello",
    "bid_amount": "51323.00",
    "status": "accepted",
    "created_at": "2026-05-30T10:59:10.567Z"
  }
},
{
  "model": "proposals.proposal",
  "pk": 15,
  "fields": {
    "project": 21,
    "freelancer": 18,
    "cover_letter": "when a freelancer applied a project it wont sent a notificatin to the client",
    "bid_amount": "85000.00",
    "status": "accepted",
    "created_at": "2026-05-30T15:16:02.519Z"
  }
},
{
  "model": "proposals.proposal",
  "pk": 16,
  "fields": {
    "project": 22,
    "freelancer": 18,
    "cover_letter": "Brave never remembers what you do in a Private Window. Sites you visit won't show up in your history. Cookies, form data, and site data vanish once you close all open private windows. Note that your activity could still be visible to your internet service provider, passive network observers, or your employer (if you're using a work machine or network). For more privacy, open a private window with Tor.",
    "bid_amount": "100000.00",
    "status": "rejected",
    "created_at": "2026-05-30T15:24:59.577Z"
  }
},
{
  "model": "proposals.proposal",
  "pk": 17,
  "fields": {
    "project": 22,
    "freelancer": 22,
    "cover_letter": "Private Window\r\nSearch the web privately\r\n\r\nPrivate Window\r\n\r\nBrave never remembers what you do in a Private Window. Sites you visit won't show up in your history. Cookies, form data, and site data vanish once you close all open private windows. Note that your activity could still be visible to your internet service provider, passive network observers, or your employer (if you're using a work machine or network). For more privacy, open a private window with Tor.",
    "bid_amount": "35000.00",
    "status": "pending",
    "created_at": "2026-05-30T15:56:19.063Z"
  }
},
{
  "model": "proposals.proposal",
  "pk": 18,
  "fields": {
    "project": 23,
    "freelancer": 14,
    "cover_letter": "Brave never remembers what you do in a Private Window. Sites you visit won't show up in your history. Cookies, form data, and site data vanish once you close all open private windows. Note that your activity could still be visible to your internet service provider, passive network observers, or your employer (if you're using a work machine or network). For more privacy, open a private window with Tor.",
    "bid_amount": "45000.00",
    "status": "pending",
    "created_at": "2026-06-09T15:07:37.868Z"
  }
},
{
  "model": "proposals.proposal",
  "pk": 19,
  "fields": {
    "project": 24,
    "freelancer": 14,
    "cover_letter": "Brave never remembers what you do in a Private Window. Sites you visit won't show up in your history. Cookies, form data, and site data vanish once you close all open private windows. Note that your activity could still be visible to your internet service provider, passive network observers, or your employer (if you're using a work machine or network). For more privacy, open a private window with Tor.",
    "bid_amount": "100000.00",
    "status": "accepted",
    "created_at": "2026-06-09T18:49:46.745Z"
  }
},
{
  "model": "reviews.review",
  "pk": 1,
  "fields": {
    "project": 17,
    "client": 17,
    "freelancer": 18,
    "rating": 4,
    "feedback": "recommanded",
    "created_at": "2026-05-29T06:52:20.207Z"
  }
},
{
  "model": "reviews.review",
  "pk": 2,
  "fields": {
    "project": 18,
    "client": 19,
    "freelancer": 14,
    "rating": 5,
    "feedback": "good",
    "created_at": "2026-05-29T14:42:11.191Z"
  }
},
{
  "model": "reviews.review",
  "pk": 3,
  "fields": {
    "project": 21,
    "client": 21,
    "freelancer": 18,
    "rating": 2,
    "feedback": "good",
    "created_at": "2026-05-30T15:17:19.674Z"
  }
},
{
  "model": "reviews.review",
  "pk": 4,
  "fields": {
    "project": 24,
    "client": 27,
    "freelancer": 14,
    "rating": 4,
    "feedback": "🎉 Project Completed Successfully!\r\n\r\nThank you for working with me on this project. I hope the final delivery meets your expectations and project requirements.\r\n\r\nIf you are satisfied with my work, I would greatly appreciate it if you could leave a review and rating. Your feedback helps me improve my services and build trust with future clients.\r\n\r\nThank you for your collaboration, and I look forward to working with you again in the future!\r\n\r\n⭐ Please take a moment to share your experience by leaving a review.",
    "created_at": "2026-06-09T18:59:46.281Z"
  }
},
{
  "model": "categories.category",
  "pk": 2,
  "fields": {
    "name": "Machine Learning",
    "slug": "machine-learning"
  }
},
{
  "model": "categories.category",
  "pk": 3,
  "fields": {
    "name": "Web Development",
    "slug": "web-development"
  }
},
{
  "model": "categories.category",
  "pk": 4,
  "fields": {
    "name": "UI UX design",
    "slug": "ui-ux-design"
  }
},
{
  "model": "categories.category",
  "pk": 5,
  "fields": {
    "name": "Graphics design",
    "slug": "graphics-design"
  }
},
{
  "model": "categories.category",
  "pk": 6,
  "fields": {
    "name": "Deep Learning",
    "slug": "deep-learning"
  }
},
{
  "model": "categories.category",
  "pk": 7,
  "fields": {
    "name": "Content Writing",
    "slug": "content-writing"
  }
},
{
  "model": "categories.category",
  "pk": 8,
  "fields": {
    "name": "Voice Artist",
    "slug": "voice-artist"
  }
},
{
  "model": "categories.category",
  "pk": 9,
  "fields": {
    "name": "Software Engineering",
    "slug": "software-engineering"
  }
},
{
  "model": "categories.category",
  "pk": 10,
  "fields": {
    "name": "System Design",
    "slug": "system-design"
  }
},
{
  "model": "categories.category",
  "pk": 11,
  "fields": {
    "name": "Bioinformtics Engineering",
    "slug": "bioinformtics-engineering"
  }
},
{
  "model": "categories.category",
  "pk": 12,
  "fields": {
    "name": "Marketting",
    "slug": "marketting"
  }
},
{
  "model": "categories.category",
  "pk": 13,
  "fields": {
    "name": "Video Editing",
    "slug": "video-editing"
  }
},
{
  "model": "messaging.conversation",
  "pk": 1,
  "fields": {
    "project": 7,
    "client": 17,
    "freelancer": 18,
    "created_at": "2026-05-27T10:54:16.413Z"
  }
},
{
  "model": "messaging.conversation",
  "pk": 2,
  "fields": {
    "project": 12,
    "client": 17,
    "freelancer": 18,
    "created_at": "2026-05-27T15:25:04.505Z"
  }
},
{
  "model": "messaging.conversation",
  "pk": 3,
  "fields": {
    "project": 13,
    "client": 17,
    "freelancer": 18,
    "created_at": "2026-05-28T17:05:18.220Z"
  }
},
{
  "model": "messaging.conversation",
  "pk": 4,
  "fields": {
    "project": 14,
    "client": 17,
    "freelancer": 18,
    "created_at": "2026-05-29T05:21:47.522Z"
  }
},
{
  "model": "messaging.conversation",
  "pk": 5,
  "fields": {
    "project": 15,
    "client": 17,
    "freelancer": 18,
    "created_at": "2026-05-29T05:58:09.785Z"
  }
},
{
  "model": "messaging.conversation",
  "pk": 7,
  "fields": {
    "project": 17,
    "client": 17,
    "freelancer": 18,
    "created_at": "2026-05-29T06:38:46.980Z"
  }
},
{
  "model": "messaging.conversation",
  "pk": 8,
  "fields": {
    "project": 18,
    "client": 19,
    "freelancer": 14,
    "created_at": "2026-05-29T14:39:33.657Z"
  }
},
{
  "model": "messaging.conversation",
  "pk": 9,
  "fields": {
    "project": 19,
    "client": 19,
    "freelancer": 18,
    "created_at": "2026-05-30T11:00:07.839Z"
  }
},
{
  "model": "messaging.conversation",
  "pk": 10,
  "fields": {
    "project": 21,
    "client": 21,
    "freelancer": 18,
    "created_at": "2026-05-30T15:16:15.273Z"
  }
},
{
  "model": "messaging.conversation",
  "pk": 11,
  "fields": {
    "project": 24,
    "client": 27,
    "freelancer": 14,
    "created_at": "2026-06-09T18:49:58.983Z"
  }
},
{
  "model": "messaging.message",
  "pk": 1,
  "fields": {
    "conversation": 1,
    "sender": 18,
    "body": "Hello sir , when we start our work ? kindly inform me...",
    "created_at": "2026-05-27T11:12:03.787Z"
  }
},
{
  "model": "messaging.message",
  "pk": 2,
  "fields": {
    "conversation": 1,
    "sender": 17,
    "body": "are you available now?",
    "created_at": "2026-05-27T11:22:59.908Z"
  }
},
{
  "model": "messaging.message",
  "pk": 3,
  "fields": {
    "conversation": 1,
    "sender": 18,
    "body": "sure sir ..give a zoom link",
    "created_at": "2026-05-27T11:23:26.655Z"
  }
},
{
  "model": "messaging.message",
  "pk": 4,
  "fields": {
    "conversation": 1,
    "sender": 17,
    "body": "lol",
    "created_at": "2026-05-27T11:23:55.643Z"
  }
},
{
  "model": "messaging.message",
  "pk": 5,
  "fields": {
    "conversation": 1,
    "sender": 17,
    "body": "hello asos",
    "created_at": "2026-05-27T11:38:50.825Z"
  }
},
{
  "model": "messaging.message",
  "pk": 6,
  "fields": {
    "conversation": 1,
    "sender": 17,
    "body": "hello",
    "created_at": "2026-05-27T11:56:44.730Z"
  }
},
{
  "model": "messaging.message",
  "pk": 7,
  "fields": {
    "conversation": 1,
    "sender": 18,
    "body": "hiiii",
    "created_at": "2026-05-27T14:00:56.118Z"
  }
},
{
  "model": "messaging.message",
  "pk": 8,
  "fields": {
    "conversation": 1,
    "sender": 17,
    "body": "vlo aso??",
    "created_at": "2026-05-27T14:01:17.050Z"
  }
},
{
  "model": "messaging.message",
  "pk": 9,
  "fields": {
    "conversation": 1,
    "sender": 18,
    "body": "do have whats app acc??",
    "created_at": "2026-05-27T14:22:03.399Z"
  }
},
{
  "model": "messaging.message",
  "pk": 10,
  "fields": {
    "conversation": 1,
    "sender": 17,
    "body": "yes sir",
    "created_at": "2026-05-27T14:23:23.928Z"
  }
},
{
  "model": "messaging.message",
  "pk": 11,
  "fields": {
    "conversation": 1,
    "sender": 18,
    "body": "www.zzcdoocb.com join now",
    "created_at": "2026-05-27T14:28:42.636Z"
  }
},
{
  "model": "messaging.message",
  "pk": 12,
  "fields": {
    "conversation": 1,
    "sender": 17,
    "body": "sure",
    "created_at": "2026-05-27T14:28:59.352Z"
  }
},
{
  "model": "messaging.message",
  "pk": 13,
  "fields": {
    "conversation": 1,
    "sender": 18,
    "body": "koi asos",
    "created_at": "2026-05-27T14:43:26.415Z"
  }
},
{
  "model": "messaging.message",
  "pk": 14,
  "fields": {
    "conversation": 1,
    "sender": 17,
    "body": "rag krli",
    "created_at": "2026-05-27T14:43:43.890Z"
  }
},
{
  "model": "messaging.message",
  "pk": 15,
  "fields": {
    "conversation": 8,
    "sender": 14,
    "body": "hello bhai",
    "created_at": "2026-05-29T14:40:08.816Z"
  }
},
{
  "model": "messaging.message",
  "pk": 16,
  "fields": {
    "conversation": 8,
    "sender": 19,
    "body": "hello",
    "created_at": "2026-05-29T14:40:28.247Z"
  }
},
{
  "model": "messaging.message",
  "pk": 17,
  "fields": {
    "conversation": 8,
    "sender": 14,
    "body": "ok",
    "created_at": "2026-05-29T14:43:11.501Z"
  }
},
{
  "model": "messaging.message",
  "pk": 18,
  "fields": {
    "conversation": 9,
    "sender": 18,
    "body": "hi",
    "created_at": "2026-05-30T11:00:26.252Z"
  }
},
{
  "model": "messaging.message",
  "pk": 19,
  "fields": {
    "conversation": 11,
    "sender": 14,
    "body": "hiii",
    "created_at": "2026-06-09T18:50:12.468Z"
  }
},
{
  "model": "messaging.message",
  "pk": 20,
  "fields": {
    "conversation": 11,
    "sender": 27,
    "body": "hello",
    "created_at": "2026-06-09T18:50:31.655Z"
  }
},
{
  "model": "notifications.notification",
  "pk": 7,
  "fields": {
    "user": 18,
    "notification_type": "message",
    "message": "abir sent you a message about \"Need urgent DL Engineer\".",
    "conversation": null,
    "is_read": true,
    "created_at": "2026-05-27T11:56:44.742Z",
    "redirect_url": null
  }
},
{
  "model": "notifications.notification",
  "pk": 8,
  "fields": {
    "user": 17,
    "notification_type": "message",
    "message": "Samrat sent you a message about \"Need urgent DL Engineer\".",
    "conversation": 1,
    "is_read": true,
    "created_at": "2026-05-27T14:00:56.131Z",
    "redirect_url": null
  }
},
{
  "model": "notifications.notification",
  "pk": 9,
  "fields": {
    "user": 18,
    "notification_type": "message",
    "message": "abir sent you a message about \"Need urgent DL Engineer\".",
    "conversation": 1,
    "is_read": true,
    "created_at": "2026-05-27T14:01:17.059Z",
    "redirect_url": null
  }
},
{
  "model": "notifications.notification",
  "pk": 10,
  "fields": {
    "user": 17,
    "notification_type": "message",
    "message": "Samrat sent you a message about \"Need urgent DL Engineer\".",
    "conversation": 1,
    "is_read": true,
    "created_at": "2026-05-27T14:22:03.414Z",
    "redirect_url": null
  }
},
{
  "model": "notifications.notification",
  "pk": 11,
  "fields": {
    "user": 18,
    "notification_type": "message",
    "message": "abir sent you a message about \"Need urgent DL Engineer\".",
    "conversation": 1,
    "is_read": true,
    "created_at": "2026-05-27T14:23:23.937Z",
    "redirect_url": null
  }
},
{
  "model": "notifications.notification",
  "pk": 12,
  "fields": {
    "user": 17,
    "notification_type": "message",
    "message": "Samrat sent you a message about \"Need urgent DL Engineer\".",
    "conversation": 1,
    "is_read": true,
    "created_at": "2026-05-27T14:28:42.650Z",
    "redirect_url": null
  }
},
{
  "model": "notifications.notification",
  "pk": 13,
  "fields": {
    "user": 18,
    "notification_type": "message",
    "message": "abir sent you a message about \"Need urgent DL Engineer\".",
    "conversation": 1,
    "is_read": true,
    "created_at": "2026-05-27T14:28:59.362Z",
    "redirect_url": null
  }
},
{
  "model": "notifications.notification",
  "pk": 14,
  "fields": {
    "user": 17,
    "notification_type": "message",
    "message": "Samrat sent you a message about \"Need urgent DL Engineer\".",
    "conversation": 1,
    "is_read": true,
    "created_at": "2026-05-27T14:43:26.430Z",
    "redirect_url": null
  }
},
{
  "model": "notifications.notification",
  "pk": 15,
  "fields": {
    "user": 18,
    "notification_type": "message",
    "message": "abir sent you a message about \"Need urgent DL Engineer\".",
    "conversation": 1,
    "is_read": true,
    "created_at": "2026-05-27T14:43:43.905Z",
    "redirect_url": null
  }
},
{
  "model": "notifications.notification",
  "pk": 16,
  "fields": {
    "user": 18,
    "notification_type": "proposal",
    "message": "Your proposal for \"Need  a  Bioinformatics Software Engineer\" was accepted.",
    "conversation": null,
    "is_read": true,
    "created_at": "2026-05-27T15:25:04.532Z",
    "redirect_url": "/proposals/detail/11/"
  }
},
{
  "model": "notifications.notification",
  "pk": 17,
  "fields": {
    "user": 18,
    "notification_type": "proposal",
    "message": "Your proposal for \"Need  a  Bioinformatics Software Engineer\" was accepted.",
    "conversation": null,
    "is_read": true,
    "created_at": "2026-05-27T15:26:43.227Z",
    "redirect_url": "/proposals/detail/11/"
  }
},
{
  "model": "notifications.notification",
  "pk": 18,
  "fields": {
    "user": 18,
    "notification_type": "proposal",
    "message": "Your proposal for \"Need  a  Bioinformatics Software Engineer\" was accepted.",
    "conversation": null,
    "is_read": true,
    "created_at": "2026-05-27T15:26:45.789Z",
    "redirect_url": "/proposals/detail/11/"
  }
},
{
  "model": "notifications.notification",
  "pk": 19,
  "fields": {
    "user": 18,
    "notification_type": "proposal",
    "message": "Your proposal for \"Need  a  Bioinformatics Software Engineer\" was rejected.",
    "conversation": null,
    "is_read": true,
    "created_at": "2026-05-27T15:27:00.957Z",
    "redirect_url": "/proposals/detail/11/"
  }
},
{
  "model": "notifications.notification",
  "pk": 20,
  "fields": {
    "user": 18,
    "notification_type": "proposal",
    "message": "Your proposal for \"Need  a  Bioinformatics Software Engineer\" was rejected.",
    "conversation": null,
    "is_read": true,
    "created_at": "2026-05-27T15:27:51.836Z",
    "redirect_url": "/proposals/detail/11/"
  }
},
{
  "model": "notifications.notification",
  "pk": 21,
  "fields": {
    "user": 18,
    "notification_type": "proposal",
    "message": "Your proposal for \"Need  a  Bioinformatics Software Engineer\" was accepted.",
    "conversation": null,
    "is_read": true,
    "created_at": "2026-05-27T17:45:35.006Z",
    "redirect_url": "/proposals/detail/11/"
  }
},
{
  "model": "notifications.notification",
  "pk": 22,
  "fields": {
    "user": 18,
    "notification_type": "proposal",
    "message": "Your proposal for \"Need urgent DL Engineer\" was rejected.",
    "conversation": null,
    "is_read": true,
    "created_at": "2026-05-28T17:02:23.151Z",
    "redirect_url": "/proposals/detail/11/"
  }
},
{
  "model": "notifications.notification",
  "pk": 23,
  "fields": {
    "user": 18,
    "notification_type": "proposal",
    "message": "Your proposal for \"Need urgent DL Engineer\" was accepted.",
    "conversation": null,
    "is_read": true,
    "created_at": "2026-05-28T17:02:26.368Z",
    "redirect_url": "/proposals/detail/11/"
  }
},
{
  "model": "notifications.notification",
  "pk": 24,
  "fields": {
    "user": 18,
    "notification_type": "proposal",
    "message": "Your proposal for \"Hiring Voice Artist for Chota Bhem\" was accepted.",
    "conversation": null,
    "is_read": true,
    "created_at": "2026-05-28T17:05:18.241Z",
    "redirect_url": "/proposals/detail/11/"
  }
},
{
  "model": "notifications.notification",
  "pk": 25,
  "fields": {
    "user": 18,
    "notification_type": "proposal",
    "message": "Your proposal for \"Hiring Voice Artist for Chota Bhem\" was rejected.",
    "conversation": null,
    "is_read": true,
    "created_at": "2026-05-28T17:05:19.821Z",
    "redirect_url": "/proposals/detail/11/"
  }
},
{
  "model": "notifications.notification",
  "pk": 26,
  "fields": {
    "user": 18,
    "notification_type": "proposal",
    "message": "Your proposal for \"Hiring Voice Artist for Chota Bhem\" was accepted.",
    "conversation": null,
    "is_read": true,
    "created_at": "2026-05-28T17:05:26.187Z",
    "redirect_url": "/proposals/detail/11/"
  }
},
{
  "model": "notifications.notification",
  "pk": 27,
  "fields": {
    "user": 18,
    "notification_type": "proposal",
    "message": "Your proposal for \"Hiring Voice Artist for Chota Bhem\" was rejected.",
    "conversation": null,
    "is_read": true,
    "created_at": "2026-05-28T17:05:27.187Z",
    "redirect_url": "/proposals/detail/11/"
  }
},
{
  "model": "notifications.notification",
  "pk": 28,
  "fields": {
    "user": 18,
    "notification_type": "proposal",
    "message": "Your proposal for \"Hiring Voice Artist for Chota Bhem\" was accepted.",
    "conversation": null,
    "is_read": true,
    "created_at": "2026-05-28T17:05:28.470Z",
    "redirect_url": "/proposals/detail/11/"
  }
},
{
  "model": "notifications.notification",
  "pk": 29,
  "fields": {
    "user": 18,
    "notification_type": "proposal",
    "message": "Your proposal for \"Hiring Voice Artist for Chota Bhem\" was rejected.",
    "conversation": null,
    "is_read": true,
    "created_at": "2026-05-28T17:05:30.287Z",
    "redirect_url": "/proposals/detail/11/"
  }
},
{
  "model": "notifications.notification",
  "pk": 30,
  "fields": {
    "user": 18,
    "notification_type": "proposal",
    "message": "Your proposal for \"Hiring Voice Artist for Chota Bhem\" was accepted.",
    "conversation": null,
    "is_read": true,
    "created_at": "2026-05-28T17:06:01.701Z",
    "redirect_url": "/proposals/detail/11/"
  }
},
{
  "model": "notifications.notification",
  "pk": 31,
  "fields": {
    "user": 18,
    "notification_type": "proposal",
    "message": "Your proposal for \"Hiring Voice Artist for Chota Bhem\" was rejected.",
    "conversation": null,
    "is_read": true,
    "created_at": "2026-05-28T17:06:06.104Z",
    "redirect_url": "/proposals/detail/11/"
  }
},
{
  "model": "notifications.notification",
  "pk": 32,
  "fields": {
    "user": 18,
    "notification_type": "proposal",
    "message": "Your proposal for \"Hiring Voice Artist for Chota Bhem\" was accepted.",
    "conversation": null,
    "is_read": true,
    "created_at": "2026-05-28T17:10:13.358Z",
    "redirect_url": "/proposals/detail/11/"
  }
},
{
  "model": "notifications.notification",
  "pk": 33,
  "fields": {
    "user": 18,
    "notification_type": "proposal",
    "message": "Your proposal for \"Hiring Voice Artist for Chota Bhem\" was rejected.",
    "conversation": null,
    "is_read": true,
    "created_at": "2026-05-28T17:10:15.190Z",
    "redirect_url": "/proposals/detail/11/"
  }
},
{
  "model": "notifications.notification",
  "pk": 34,
  "fields": {
    "user": 18,
    "notification_type": "proposal",
    "message": "Your proposal for \"Need urgent DL Engineer\" was rejected.",
    "conversation": null,
    "is_read": true,
    "created_at": "2026-05-29T02:57:43.686Z",
    "redirect_url": "/proposals/detail/11/"
  }
},
{
  "model": "notifications.notification",
  "pk": 35,
  "fields": {
    "user": 18,
    "notification_type": "proposal",
    "message": "Your proposal for \"Need SD expert\" was accepted.",
    "conversation": null,
    "is_read": true,
    "created_at": "2026-05-29T05:21:47.535Z",
    "redirect_url": "/proposals/detail/11/"
  }
},
{
  "model": "notifications.notification",
  "pk": 36,
  "fields": {
    "user": 18,
    "notification_type": "proposal",
    "message": "Your proposal for \"Hiring DL researcher\" was accepted.",
    "conversation": null,
    "is_read": true,
    "created_at": "2026-05-29T05:58:09.794Z",
    "redirect_url": "/proposals/detail/11/"
  }
},
{
  "model": "notifications.notification",
  "pk": 37,
  "fields": {
    "user": 17,
    "notification_type": "submission",
    "message": "Samrat submitted work for \"Hiring DL researcher\"",
    "conversation": null,
    "is_read": true,
    "created_at": "2026-05-29T06:02:39.070Z",
    "redirect_url": "/projects/15/"
  }
},
{
  "model": "notifications.notification",
  "pk": 38,
  "fields": {
    "user": 18,
    "notification_type": "proposal",
    "message": "Your proposal for \"Hire jr UI UX developer\" was accepted.",
    "conversation": null,
    "is_read": true,
    "created_at": "2026-05-29T06:25:00.960Z",
    "redirect_url": "/proposals/detail/11/"
  }
},
{
  "model": "notifications.notification",
  "pk": 39,
  "fields": {
    "user": 17,
    "notification_type": "submission",
    "message": "Samrat submitted work for \"Hire jr UI UX developer\"",
    "conversation": null,
    "is_read": true,
    "created_at": "2026-05-29T06:25:28.955Z",
    "redirect_url": "/projects/16/"
  }
},
{
  "model": "notifications.notification",
  "pk": 40,
  "fields": {
    "user": 18,
    "notification_type": "proposal",
    "message": "Your proposal for \"Hire jr UI UX developer\" was accepted.",
    "conversation": null,
    "is_read": true,
    "created_at": "2026-05-29T06:38:46.992Z",
    "redirect_url": "/proposals/detail/11/"
  }
},
{
  "model": "notifications.notification",
  "pk": 41,
  "fields": {
    "user": 17,
    "notification_type": "submission",
    "message": "Samrat submitted work for \"Hire jr UI UX developer\"",
    "conversation": null,
    "is_read": true,
    "created_at": "2026-05-29T06:39:28.892Z",
    "redirect_url": "/projects/17/"
  }
},
{
  "model": "notifications.notification",
  "pk": 42,
  "fields": {
    "user": 14,
    "notification_type": "proposal",
    "message": "Your proposal for \"Hiring BiE researcher\" was accepted.",
    "conversation": null,
    "is_read": true,
    "created_at": "2026-05-29T14:39:33.665Z",
    "redirect_url": "/proposals/detail/12/"
  }
},
{
  "model": "notifications.notification",
  "pk": 43,
  "fields": {
    "user": 19,
    "notification_type": "message",
    "message": "tahiya sent you a message about \"Hiring BiE researcher\".",
    "conversation": 8,
    "is_read": true,
    "created_at": "2026-05-29T14:40:08.827Z",
    "redirect_url": null
  }
},
{
  "model": "notifications.notification",
  "pk": 44,
  "fields": {
    "user": 14,
    "notification_type": "message",
    "message": "Sagor sent you a message about \"Hiring BiE researcher\".",
    "conversation": 8,
    "is_read": true,
    "created_at": "2026-05-29T14:40:28.259Z",
    "redirect_url": null
  }
},
{
  "model": "notifications.notification",
  "pk": 45,
  "fields": {
    "user": 19,
    "notification_type": "submission",
    "message": "tahiya submitted work for \"Hiring BiE researcher\"",
    "conversation": null,
    "is_read": true,
    "created_at": "2026-05-29T14:41:41.170Z",
    "redirect_url": "/projects/18/"
  }
},
{
  "model": "notifications.notification",
  "pk": 46,
  "fields": {
    "user": 19,
    "notification_type": "message",
    "message": "tahiya sent you a message about \"Hiring BiE researcher\".",
    "conversation": 8,
    "is_read": true,
    "created_at": "2026-05-29T14:43:11.520Z",
    "redirect_url": null
  }
},
{
  "model": "notifications.notification",
  "pk": 47,
  "fields": {
    "user": 14,
    "notification_type": "proposal",
    "message": "Your proposal for \"Hiring BiE researcher\" was rejected.",
    "conversation": null,
    "is_read": true,
    "created_at": "2026-05-29T14:53:54.909Z",
    "redirect_url": "/proposals/detail/12/"
  }
},
{
  "model": "notifications.notification",
  "pk": 48,
  "fields": {
    "user": 14,
    "notification_type": "proposal",
    "message": "Your proposal for \"Hiring BiE researcher\" was accepted.",
    "conversation": null,
    "is_read": true,
    "created_at": "2026-05-29T14:53:57.728Z",
    "redirect_url": "/proposals/detail/12/"
  }
},
{
  "model": "notifications.notification",
  "pk": 49,
  "fields": {
    "user": 18,
    "notification_type": "proposal",
    "message": "Your proposal for \"Hiring GD\" was accepted.",
    "conversation": null,
    "is_read": true,
    "created_at": "2026-05-30T11:00:07.839Z",
    "redirect_url": "/proposals/detail/13/"
  }
},
{
  "model": "notifications.notification",
  "pk": 50,
  "fields": {
    "user": 19,
    "notification_type": "message",
    "message": "Samrat sent you a message about \"Hiring GD\".",
    "conversation": 9,
    "is_read": true,
    "created_at": "2026-05-30T11:00:26.257Z",
    "redirect_url": null
  }
},
{
  "model": "notifications.notification",
  "pk": 51,
  "fields": {
    "user": 21,
    "notification_type": "proposal",
    "message": "samrat@123 applied to your project \"jr GD\" with a bid of $85000",
    "conversation": null,
    "is_read": true,
    "created_at": "2026-05-30T15:16:02.521Z",
    "redirect_url": "/proposals/dashboard/"
  }
},
{
  "model": "notifications.notification",
  "pk": 52,
  "fields": {
    "user": 18,
    "notification_type": "proposal",
    "message": "Your proposal for \"jr GD\" was accepted.",
    "conversation": null,
    "is_read": true,
    "created_at": "2026-05-30T15:16:15.287Z",
    "redirect_url": "/proposals/detail/15/"
  }
},
{
  "model": "notifications.notification",
  "pk": 53,
  "fields": {
    "user": 21,
    "notification_type": "submission",
    "message": "Samrat submitted work for \"jr GD\"",
    "conversation": null,
    "is_read": true,
    "created_at": "2026-05-30T15:16:50.922Z",
    "redirect_url": "/projects/21/"
  }
},
{
  "model": "notifications.notification",
  "pk": 54,
  "fields": {
    "user": 21,
    "notification_type": "proposal",
    "message": "samrat@123 applied to your project \"Need Expert Business Analytics\" with a bid of $100000",
    "conversation": null,
    "is_read": true,
    "created_at": "2026-05-30T15:24:59.585Z",
    "redirect_url": "/proposals/dashboard/"
  }
},
{
  "model": "notifications.notification",
  "pk": 55,
  "fields": {
    "user": 18,
    "notification_type": "proposal",
    "message": "Your proposal for \"Need Expert Business Analytics\" was rejected.",
    "conversation": null,
    "is_read": true,
    "created_at": "2026-05-30T15:25:24.497Z",
    "redirect_url": "/proposals/detail/16/"
  }
},
{
  "model": "notifications.notification",
  "pk": 56,
  "fields": {
    "user": 21,
    "notification_type": "proposal",
    "message": "santo@123 applied to your project \"Need Expert Business Analytics\" with a bid of $35000",
    "conversation": null,
    "is_read": false,
    "created_at": "2026-05-30T15:56:19.069Z",
    "redirect_url": "/proposals/dashboard/"
  }
},
{
  "model": "notifications.notification",
  "pk": 57,
  "fields": {
    "user": 18,
    "notification_type": "proposal",
    "message": "Your proposal for \"Hiring Voice Artist for Chota Bhem\" was accepted.",
    "conversation": null,
    "is_read": false,
    "created_at": "2026-06-08T17:16:11.330Z",
    "redirect_url": "/proposals/detail/7/"
  }
},
{
  "model": "notifications.notification",
  "pk": 58,
  "fields": {
    "user": 18,
    "notification_type": "proposal",
    "message": "Your proposal for \"Hiring Voice Artist for Chota Bhem\" was rejected.",
    "conversation": null,
    "is_read": false,
    "created_at": "2026-06-08T17:16:15.929Z",
    "redirect_url": "/proposals/detail/7/"
  }
},
{
  "model": "notifications.notification",
  "pk": 59,
  "fields": {
    "user": 17,
    "notification_type": "proposal",
    "message": "tahi@08 applied to your project \"Need Accounts officer\" with a bid of $45000",
    "conversation": null,
    "is_read": true,
    "created_at": "2026-06-09T15:07:37.888Z",
    "redirect_url": "/proposals/dashboard/"
  }
},
{
  "model": "notifications.notification",
  "pk": 60,
  "fields": {
    "user": 27,
    "notification_type": "proposal",
    "message": "tahi@08 applied to your project \"Need Social Media Marketer\" with a bid of $100000",
    "conversation": null,
    "is_read": true,
    "created_at": "2026-06-09T18:49:46.755Z",
    "redirect_url": "/proposals/dashboard/"
  }
},
{
  "model": "notifications.notification",
  "pk": 61,
  "fields": {
    "user": 14,
    "notification_type": "proposal",
    "message": "Your proposal for \"Need Social Media Marketer\" was accepted.",
    "conversation": null,
    "is_read": true,
    "created_at": "2026-06-09T18:49:58.993Z",
    "redirect_url": "/proposals/detail/19/"
  }
},
{
  "model": "notifications.notification",
  "pk": 62,
  "fields": {
    "user": 27,
    "notification_type": "message",
    "message": "tahiya sent you a message about \"Need Social Media Marketer\".",
    "conversation": 11,
    "is_read": true,
    "created_at": "2026-06-09T18:50:12.480Z",
    "redirect_url": null
  }
},
{
  "model": "notifications.notification",
  "pk": 63,
  "fields": {
    "user": 14,
    "notification_type": "message",
    "message": "Shuvo sent you a message about \"Need Social Media Marketer\".",
    "conversation": 11,
    "is_read": true,
    "created_at": "2026-06-09T18:50:31.664Z",
    "redirect_url": null
  }
},
{
  "model": "notifications.notification",
  "pk": 64,
  "fields": {
    "user": 27,
    "notification_type": "submission",
    "message": "tahiya submitted work for \"Need Social Media Marketer\"",
    "conversation": null,
    "is_read": true,
    "created_at": "2026-06-09T18:51:27.929Z",
    "redirect_url": "/projects/24/"
  }
},
{
  "model": "submissions.submission",
  "pk": 1,
  "fields": {
    "project": 14,
    "freelancer": 18,
    "message": "here are the final project sir",
    "file": "submissions/Project_Roadmap_E5vsa9Z.pdf",
    "submitted_at": "2026-05-29T05:31:21.364Z"
  }
},
{
  "model": "submissions.submission",
  "pk": 2,
  "fields": {
    "project": 15,
    "freelancer": 18,
    "message": "hello bhaiya",
    "file": "submissions/files.zip",
    "submitted_at": "2026-05-29T06:02:39.050Z"
  }
},
{
  "model": "submissions.submission",
  "pk": 4,
  "fields": {
    "project": 17,
    "freelancer": 18,
    "message": "testttinnngggg",
    "file": "submissions/Project_Roadmap_iHEo3k9.pdf",
    "submitted_at": "2026-05-29T06:39:28.873Z"
  }
},
{
  "model": "submissions.submission",
  "pk": 5,
  "fields": {
    "project": 18,
    "freelancer": 14,
    "message": "Lorem ipsum dolor sit amet, consectetuer adipiscing elit. Aenean commodo ligula eget dolor. Aenean massa. Cum sociis natoque penatibus et magnis dis parturient montes, nascetur ridiculus mus. Donec quam felis, ultricies nec, pellentesque eu, pretium quis, sem. Nulla consequat massa quis enim. Donec pede justo, fringilla vel, aliquet nec, vulputate eget, arcu. In enim justo, rhoncus ut, imperdiet a, venenatis vitae, justo. Nullam dictum felis eu pede mollis pretium. Integer tincidunt. Cras dapibus. Vivamus elementum semper nisi. Aenean vulputate eleifend tellus. Aenean leo ligula, porttitor eu, consequat vitae, eleifend ac, enim. Aliquam lorem ante, dapibus in, viverra quis, feugiat a, tellus. Phasellus viverra nulla ut metus varius laoreet. Quisque rutrum. Aenean imperdiet. Etiam ultricies nisi vel augue. Curabitur ullamcorper ultricies nisi. Nam eget dui. Etiam rhoncus. Maecenas tempus, tellus eget condimentum rhoncus, sem quam semper libero, sit amet adipiscing sem neque sed ipsum. Nam quam nunc, blandit vel, luctus pulvinar, hendrerit id, lorem. Maecenas nec odio et ante tincidunt tempus. Donec vitae sapien ut libero venenatis faucibus. Nullam quis ante. Etiam sit amet orci eget eros faucibus tincidunt. Duis leo. Sed fringilla mauris sit amet nibh. Donec sodales sagittis magna. Sed consequat, leo eget bibendum sodales, augue velit cursus nunc",
    "file": "submissions/2209008_Bioinformatics.pdf",
    "submitted_at": "2026-05-29T14:41:41.155Z"
  }
},
{
  "model": "submissions.submission",
  "pk": 6,
  "fields": {
    "project": 21,
    "freelancer": 18,
    "message": "done",
    "file": "submissions/lab_report_05.docx",
    "submitted_at": "2026-05-30T15:16:50.907Z"
  }
},
{
  "model": "submissions.submission",
  "pk": 7,
  "fields": {
    "project": 24,
    "freelancer": 14,
    "message": "doneeeeeeeeeeeeeeeeeeeeeeeBrave never remembers what you do in a Private Window. Sites you visit won't show up in your history. Cookies, form data, and site data vanish once you close all open private windows. Note that your activity could still be visible to your internet service provider, passive network observers, or your employer (if you're using a work machine or network). For more privacy, open a private window with Tor.",
    "file": "submissions/Project_details.pdf",
    "submitted_at": "2026-06-09T18:51:27.907Z"
  }
}
]
